date,temp_max,temp_min,precipitation,precip_probability,wind_speed,wind_gust,weather_code,city,latitude,longitude,extraction_date
2026-09-17,22.3,20.7,0.0,0.0,41.0,52.2,1,Ad Dakhla,23.7167,-15.95,2026-09-17
2026-09-18,21.3,20.3,0.0,0.0,35.7,44.6,0,Ad Dakhla,23.7167,-15.95,2026-09-17
2026-09-19,21.1,20.0,0.0,0.0,30.0,37.1,0,Ad Dakhla,23.7167,-15.95,2026-09-17
2026-09-20,21.5,19.5,0.0,0.0,30.8,38.5,0,Ad Dakhla,23.7167,-15.95,2026-09-17
2026-09-21,21.6,20.1,0.0,7.0,29.4,37.8,0,Ad Dakhla,23.7167,-15.95,2026-09-17
2026-09-22,21.9,19.8,0.0,14.0,31.0,39.2,1,Ad Dakhla,23.7167,-15.95,2026-09-17
2026-09-23,22.3,20.4,0.0,7.0,27.7,40.3,3,Ad Dakhla,23.7167,-15.95,2026-09-17
2026-09-17,27.0,18.3,0.0,0.0,14.9,29.9,3,Ad Darwa,33.4167,-7.5333,2026-09-17
2026-09-18,27.5,17.5,0.0,0.0,17.3,33.8,3,Ad Darwa,33.4167,-7.5333,2026-09-17
2026-09-19,30.2,17.4,0.0,0.0,16.0,31.3,45,Ad Darwa,33.4167,-7.5333,2026-09-17
2026-09-20,33.2,20.7,0.0,0.0,15.7,31.0,45,Ad Darwa,33.4167,-7.5333,2026-09-17
2026-09-21,33.7,20.6,0.0,0.0,16.2,31.7,45,Ad Darwa,33.4167,-7.5333,2026-09-17
2026-09-22,34.5,20.2,0.0,0.0,18.0,34.2,0,Ad Darwa,33.4167,-7.5333,2026-09-17
2026-09-23,34.4,18.0,0.0,0.0,18.8,36.0,3,Ad Darwa,33.4167,-7.5333,2026-09-17
2026-09-17,28.1,20.5,0.0,0.0,13.8,37.8,3,Agadir,30.4214,-9.5831,2026-09-17
2026-09-18,25.8,19.6,0.0,0.0,12.2,33.8,2,Agadir,30.4214,-9.5831,2026-09-17
2026-09-19,26.1,20.4,0.0,0.0,14.0,39.6,2,Agadir,30.4214,-9.5831,2026-09-17
2026-09-20,27.7,20.9,0.0,0.0,12.4,37.1,45,Agadir,30.4214,-9.5831,2026-09-17
2026-09-21,32.5,22.1,0.0,0.0,9.0,27.7,1,Agadir,30.4214,-9.5831,2026-09-17
2026-09-22,38.1,23.4,0.0,3.0,22.0,42.1,0,Agadir,30.4214,-9.5831,2026-09-17
2026-09-23,38.2,22.1,0.0,3.0,12.3,25.2,1,Agadir,30.4214,-9.5831,2026-09-17
2026-09-17,29.2,15.1,0.0,0.0,14.9,32.0,3,Aguelmous,33.1324,-5.8366,2026-09-17
2026-09-18,30.2,15.4,0.0,0.0,19.8,45.4,3,Aguelmous,33.1324,-5.8366,2026-09-17
2026-09-19,32.0,17.8,0.2,10.0,14.7,39.6,80,Aguelmous,33.1324,-5.8366,2026-09-17
2026-09-20,32.1,20.1,0.5,8.0,17.0,37.4,80,Aguelmous,33.1324,-5.8366,2026-09-17
2026-09-21,32.3,20.1,0.0,15.0,22.3,46.1,2,Aguelmous,33.1324,-5.8366,2026-09-17
2026-09-22,31.6,19.9,0.0,3.0,17.6,35.6,2,Aguelmous,33.1324,-5.8366,2026-09-17
2026-09-23,33.0,16.8,0.0,3.0,15.9,36.0,1,Aguelmous,33.1324,-5.8366,2026-09-17
2026-09-17,26.0,16.5,0.0,0.0,14.5,30.2,3,Ain El Aouda,33.8111,-6.7922,2026-09-17
2026-09-18,27.5,15.6,0.0,0.0,17.1,34.6,45,Ain El Aouda,33.8111,-6.7922,2026-09-17
2026-09-19,32.1,15.7,0.0,0.0,16.8,33.5,1,Ain El Aouda,33.8111,-6.7922,2026-09-17
2026-09-20,34.2,19.8,0.0,0.0,16.8,33.5,2,Ain El Aouda,33.8111,-6.7922,2026-09-17
2026-09-21,35.2,20.5,0.0,0.0,16.6,34.6,2,Ain El Aouda,33.8111,-6.7922,2026-09-17
2026-09-22,34.8,19.8,0.0,0.0,16.8,32.4,0,Ain El Aouda,33.8111,-6.7922,2026-09-17
2026-09-23,34.6,18.0,0.0,0.0,15.7,32.4,2,Ain El Aouda,33.8111,-6.7922,2026-09-17
2026-09-17,26.7,20.8,0.0,0.0,24.5,39.6,3,Ait Ali,30.1739,-9.4881,2026-09-17
2026-09-18,25.8,19.5,0.0,0.0,21.9,36.0,2,Ait Ali,30.1739,-9.4881,2026-09-17
2026-09-19,26.2,20.1,0.0,0.0,20.5,33.8,3,Ait Ali,30.1739,-9.4881,2026-09-17
2026-09-20,27.2,20.0,0.0,0.0,20.3,33.5,3,Ait Ali,30.1739,-9.4881,2026-09-17
2026-09-21,33.4,20.1,0.0,0.0,19.1,32.0,1,Ait Ali,30.1739,-9.4881,2026-09-17
2026-09-22,33.8,21.5,0.0,0.0,18.2,31.7,0,Ait Ali,30.1739,-9.4881,2026-09-17
2026-09-23,32.6,20.9,0.0,0.0,15.8,27.0,1,Ait Ali,30.1739,-9.4881,2026-09-17
2026-09-17,26.7,21.2,0.0,0.0,17.3,34.9,3,Ait Melloul,30.3342,-9.4972,2026-09-17
2026-09-18,25.7,19.7,0.0,0.0,17.6,35.6,2,Ait Melloul,30.3342,-9.4972,2026-09-17
2026-09-19,25.9,20.5,0.0,0.0,19.9,39.2,3,Ait Melloul,30.3342,-9.4972,2026-09-17
2026-09-20,26.6,20.2,0.0,0.0,19.5,38.5,45,Ait Melloul,30.3342,-9.4972,2026-09-17
2026-09-21,31.6,19.8,0.0,0.0,15.1,32.4,1,Ait Melloul,30.3342,-9.4972,2026-09-17
2026-09-22,38.3,21.1,0.0,0.0,22.0,42.1,0,Ait Melloul,30.3342,-9.4972,2026-09-17
2026-09-23,38.4,22.4,0.0,0.0,12.3,25.2,1,Ait Melloul,30.3342,-9.4972,2026-09-17
2026-09-17,28.7,16.3,0.0,0.0,11.4,22.7,3,Ait Ourir,31.5644,-7.6628,2026-09-17
2026-09-18,30.8,16.8,0.0,0.0,10.7,21.6,3,Ait Ourir,31.5644,-7.6628,2026-09-17
2026-09-19,35.0,19.8,0.3,13.0,16.9,42.1,3,Ait Ourir,31.5644,-7.6628,2026-09-17
2026-09-20,35.9,22.9,0.7,13.0,13.8,28.8,80,Ait Ourir,31.5644,-7.6628,2026-09-17
2026-09-21,36.1,22.3,0.0,10.0,15.6,31.0,2,Ait Ourir,31.5644,-7.6628,2026-09-17
2026-09-22,36.0,22.7,0.0,10.0,16.0,30.6,0,Ait Ourir,31.5644,-7.6628,2026-09-17
2026-09-23,36.0,18.6,0.0,3.0,13.5,25.9,0,Ait Ourir,31.5644,-7.6628,2026-09-17
2026-09-17,27.7,17.8,0.0,0.0,16.6,29.5,3,Al Aaroui,35.0104,-3.0073,2026-09-17
2026-09-18,26.6,18.8,0.0,0.0,24.7,43.2,45,Al Aaroui,35.0104,-3.0073,2026-09-17
2026-09-19,26.6,20.9,0.1,4.0,29.0,51.1,3,Al Aaroui,35.0104,-3.0073,2026-09-17
2026-09-20,27.1,22.2,0.0,5.0,27.5,50.4,45,Al Aaroui,35.0104,-3.0073,2026-09-17
2026-09-21,26.7,20.9,0.0,0.0,22.9,45.0,3,Al Aaroui,35.0104,-3.0073,2026-09-17
2026-09-22,28.3,17.7,0.0,3.0,16.3,29.5,45,Al Aaroui,35.0104,-3.0073,2026-09-17
2026-09-23,29.0,16.4,0.0,0.0,16.3,31.3,1,Al Aaroui,35.0104,-3.0073,2026-09-17
2026-09-17,32.9,15.9,0.0,0.0,14.3,26.3,2,Al Fqih Ben Çalah,32.507,-6.6886,2026-09-17
2026-09-18,34.5,16.9,0.0,0.0,14.9,27.4,3,Al Fqih Ben Çalah,32.507,-6.6886,2026-09-17
2026-09-19,38.3,20.6,0.0,1.0,15.4,29.5,2,Al Fqih Ben Çalah,32.507,-6.6886,2026-09-17
2026-09-20,38.9,23.9,0.0,5.0,22.0,46.8,3,Al Fqih Ben Çalah,32.507,-6.6886,2026-09-17
2026-09-21,38.3,21.1,0.0,5.0,11.5,33.5,3,Al Fqih Ben Çalah,32.507,-6.6886,2026-09-17
2026-09-22,38.1,20.5,0.0,3.0,11.8,20.5,1,Al Fqih Ben Çalah,32.507,-6.6886,2026-09-17
2026-09-23,38.5,18.3,0.0,3.0,10.8,19.1,0,Al Fqih Ben Çalah,32.507,-6.6886,2026-09-17
2026-09-17,25.8,19.5,0.0,25.0,13.7,24.8,3,Al Hoceïma,35.2472,-3.9322,2026-09-17
2026-09-18,26.6,18.7,0.0,0.0,19.5,35.3,45,Al Hoceïma,35.2472,-3.9322,2026-09-17
2026-09-19,28.6,19.9,0.0,0.0,28.2,50.4,3,Al Hoceïma,35.2472,-3.9322,2026-09-17
2026-09-20,28.1,23.6,0.0,5.0,23.4,41.8,3,Al Hoceïma,35.2472,-3.9322,2026-09-17
2026-09-21,28.6,21.2,0.0,0.0,22.0,39.6,2,Al Hoceïma,35.2472,-3.9322,2026-09-17
2026-09-22,27.0,18.0,0.0,0.0,14.4,24.8,1,Al Hoceïma,35.2472,-3.9322,2026-09-17
2026-09-23,27.0,18.5,0.0,0.0,11.1,20.5,45,Al Hoceïma,35.2472,-3.9322,2026-09-17
2026-09-17,28.1,15.1,0.0,0.0,14.0,30.2,45,Al Khmissat,33.81,-6.06,2026-09-17
2026-09-18,29.6,15.7,0.0,0.0,17.3,36.7,3,Al Khmissat,33.81,-6.06,2026-09-17
2026-09-19,34.8,18.0,0.0,0.0,14.2,30.6,2,Al Khmissat,33.81,-6.06,2026-09-17
2026-09-20,37.1,21.4,0.0,0.0,15.9,33.1,2,Al Khmissat,33.81,-6.06,2026-09-17
2026-09-21,36.8,21.3,0.0,0.0,16.0,35.6,1,Al Khmissat,33.81,-6.06,2026-09-17
2026-09-22,35.5,20.5,0.0,3.0,14.4,29.2,1,Al Khmissat,33.81,-6.06,2026-09-17
2026-09-23,35.7,16.2,0.0,3.0,14.8,28.1,0,Al Khmissat,33.81,-6.06,2026-09-17
2026-09-17,28.7,16.4,0.0,0.0,14.6,27.7,45,Al ’Attawia,31.83,-7.31,2026-09-17
2026-09-18,30.8,16.9,0.0,0.0,13.1,24.1,3,Al ’Attawia,31.83,-7.31,2026-09-17
2026-09-19,34.8,19.9,0.0,5.0,13.7,25.9,2,Al ’Attawia,31.83,-7.31,2026-09-17
2026-09-20,35.7,22.6,0.1,13.0,17.5,32.0,3,Al ’Attawia,31.83,-7.31,2026-09-17
2026-09-21,35.7,21.1,0.7,6.0,10.4,29.2,3,Al ’Attawia,31.83,-7.31,2026-09-17
2026-09-22,35.7,21.2,0.2,5.0,11.2,23.0,2,Al ’Attawia,31.83,-7.31,2026-09-17
2026-09-23,36.1,17.0,0.0,3.0,13.2,25.9,0,Al ’Attawia,31.83,-7.31,2026-09-17
2026-09-17,34.5,21.5,0.1,20.0,19.3,32.0,3,Arfoud,31.4361,-4.2328,2026-09-17
2026-09-18,34.1,21.4,0.0,13.0,18.4,37.4,3,Arfoud,31.4361,-4.2328,2026-09-17
2026-09-19,32.7,23.4,0.4,13.0,22.2,36.4,3,Arfoud,31.4361,-4.2328,2026-09-17
2026-09-20,32.6,21.8,0.0,10.0,12.8,24.5,3,Arfoud,31.4361,-4.2328,2026-09-17
2026-09-21,34.4,21.5,0.0,35.0,15.3,22.3,2,Arfoud,31.4361,-4.2328,2026-09-17
2026-09-22,33.4,22.3,0.0,17.0,17.6,27.4,2,Arfoud,31.4361,-4.2328,2026-09-17
2026-09-23,32.2,20.8,0.0,18.0,8.9,15.8,1,Arfoud,31.4361,-4.2328,2026-09-17
2026-09-17,24.0,18.7,0.0,0.0,14.4,25.9,3,Asilah,35.4667,-6.0333,2026-09-17
2026-09-18,28.2,16.1,0.0,0.0,25.6,46.1,45,Asilah,35.4667,-6.0333,2026-09-17
2026-09-19,29.5,23.1,0.0,0.0,36.0,67.0,0,Asilah,35.4667,-6.0333,2026-09-17
2026-09-20,30.9,24.6,0.0,0.0,27.9,51.8,1,Asilah,35.4667,-6.0333,2026-09-17
2026-09-21,31.1,23.8,0.0,0.0,23.1,41.4,0,Asilah,35.4667,-6.0333,2026-09-17
2026-09-22,36.1,22.6,0.0,0.0,15.0,31.0,0,Asilah,35.4667,-6.0333,2026-09-17
2026-09-23,36.1,19.7,0.0,3.0,14.9,32.8,0,Asilah,35.4667,-6.0333,2026-09-17
2026-09-17,25.9,19.7,0.0,0.0,14.1,25.9,3,Azemmour,33.2833,-8.3333,2026-09-17
2026-09-18,25.3,18.2,0.0,0.0,19.6,36.0,2,Azemmour,33.2833,-8.3333,2026-09-17
2026-09-19,26.9,19.6,0.0,0.0,17.1,31.3,2,Azemmour,33.2833,-8.3333,2026-09-17
2026-09-20,27.6,19.8,0.0,0.0,13.8,25.6,45,Azemmour,33.2833,-8.3333,2026-09-17
2026-09-21,27.3,20.4,0.0,0.0,12.6,23.8,45,Azemmour,33.2833,-8.3333,2026-09-17
2026-09-22,27.7,20.4,0.0,0.0,12.9,26.3,45,Azemmour,33.2833,-8.3333,2026-09-17
2026-09-23,28.5,20.0,0.0,0.0,13.4,26.6,45,Azemmour,33.2833,-8.3333,2026-09-17
2026-09-17,26.4,14.5,0.0,0.0,14.8,34.6,3,Aziylal,31.96,-6.56,2026-09-17
2026-09-18,27.5,15.6,0.0,3.0,15.8,37.4,3,Aziylal,31.96,-6.56,2026-09-17
2026-09-19,29.1,19.4,0.2,10.0,28.4,70.6,3,Aziylal,31.96,-6.56,2026-09-17
2026-09-20,29.3,20.0,0.2,20.0,17.3,43.2,3,Aziylal,31.96,-6.56,2026-09-17
2026-09-21,29.1,19.4,0.3,18.0,18.8,38.5,3,Aziylal,31.96,-6.56,2026-09-17
2026-09-22,29.2,18.3,0.0,10.0,18.8,39.2,2,Aziylal,31.96,-6.56,2026-09-17
2026-09-23,30.3,17.2,0.0,5.0,17.6,36.7,0,Aziylal,31.96,-6.56,2026-09-17
2026-09-17,25.9,15.1,0.0,0.0,15.0,34.6,3,Azrou,33.4344,-5.2213,2026-09-17
2026-09-18,26.7,13.9,0.0,0.0,16.6,38.5,3,Azrou,33.4344,-5.2213,2026-09-17
2026-09-19,28.9,18.3,0.0,33.0,18.2,38.5,80,Azrou,33.4344,-5.2213,2026-09-17
2026-09-20,29.6,19.0,0.0,8.0,17.7,36.0,3,Azrou,33.4344,-5.2213,2026-09-17
2026-09-21,29.0,18.4,0.0,5.0,19.0,41.0,2,Azrou,33.4344,-5.2213,2026-09-17
2026-09-22,27.9,15.6,0.0,5.0,18.3,43.9,1,Azrou,33.4344,-5.2213,2026-09-17
2026-09-23,29.4,17.4,0.0,5.0,12.6,37.4,0,Azrou,33.4344,-5.2213,2026-09-17
2026-09-17,25.8,18.9,0.0,0.0,13.2,36.0,3,Aïn Harrouda,33.6372,-7.4483,2026-09-17
2026-09-18,25.2,18.0,0.0,0.0,13.8,36.4,3,Aïn Harrouda,33.6372,-7.4483,2026-09-17
2026-09-19,27.0,17.1,0.0,0.0,12.4,33.5,45,Aïn Harrouda,33.6372,-7.4483,2026-09-17
2026-09-20,29.4,20.7,0.0,0.0,12.2,32.8,45,Aïn Harrouda,33.6372,-7.4483,2026-09-17
2026-09-21,29.2,20.9,0.0,0.0,11.5,31.7,45,Aïn Harrouda,33.6372,-7.4483,2026-09-17
2026-09-22,29.4,20.7,0.0,0.0,12.3,29.5,1,Aïn Harrouda,33.6372,-7.4483,2026-09-17
2026-09-23,29.0,18.9,0.0,0.0,12.6,29.9,3,Aïn Harrouda,33.6372,-7.4483,2026-09-17
2026-09-17,27.3,16.7,0.0,0.0,14.0,27.4,45,Aïn Taoujdat,33.9333,-5.2167,2026-09-17
2026-09-18,30.0,16.7,0.0,0.0,15.6,30.2,2,Aïn Taoujdat,33.9333,-5.2167,2026-09-17
2026-09-19,33.7,18.6,0.0,5.0,19.1,36.4,2,Aïn Taoujdat,33.9333,-5.2167,2026-09-17
2026-09-20,35.7,20.0,0.0,0.0,15.7,31.0,2,Aïn Taoujdat,33.9333,-5.2167,2026-09-17
2026-09-21,35.3,20.6,0.0,0.0,14.1,29.5,1,Aïn Taoujdat,33.9333,-5.2167,2026-09-17
2026-09-22,34.2,19.8,0.0,3.0,13.8,25.9,1,Aïn Taoujdat,33.9333,-5.2167,2026-09-17
2026-09-23,35.2,17.7,0.0,3.0,12.3,23.4,0,Aïn Taoujdat,33.9333,-5.2167,2026-09-17
2026-09-17,27.8,17.4,0.0,0.0,16.9,31.3,3,Barrechid,33.27,-7.5872,2026-09-17
2026-09-18,29.3,16.4,0.0,0.0,19.5,34.9,45,Barrechid,33.27,-7.5872,2026-09-17
2026-09-19,32.9,16.7,0.0,0.0,18.1,32.4,2,Barrechid,33.27,-7.5872,2026-09-17
2026-09-20,34.9,20.7,0.0,0.0,18.7,33.8,45,Barrechid,33.27,-7.5872,2026-09-17
2026-09-21,35.6,20.4,0.0,0.0,18.9,34.9,45,Barrechid,33.27,-7.5872,2026-09-17
2026-09-22,34.5,19.7,0.0,0.0,17.8,33.1,1,Barrechid,33.27,-7.5872,2026-09-17
2026-09-23,34.2,18.8,0.0,0.0,19.5,35.3,3,Barrechid,33.27,-7.5872,2026-09-17
2026-09-17,28.6,16.5,0.0,0.0,15.9,33.8,3,Ben Guerir,32.23,-7.95,2026-09-17
2026-09-18,30.6,16.5,0.0,0.0,16.2,32.4,2,Ben Guerir,32.23,-7.95,2026-09-17
2026-09-19,34.3,19.6,0.0,0.0,17.5,34.6,2,Ben Guerir,32.23,-7.95,2026-09-17
2026-09-20,35.5,22.2,0.0,10.0,19.3,38.5,2,Ben Guerir,32.23,-7.95,2026-09-17
2026-09-21,37.4,22.1,0.0,4.0,20.2,39.6,2,Ben Guerir,32.23,-7.95,2026-09-17
2026-09-22,36.8,21.3,0.0,3.0,21.0,36.4,1,Ben Guerir,32.23,-7.95,2026-09-17
2026-09-23,36.6,19.6,0.0,3.0,20.2,36.0,3,Ben Guerir,32.23,-7.95,2026-09-17
2026-09-17,26.3,17.8,0.0,0.0,16.6,31.0,3,Beni Yakhlef,33.6555,-7.3221,2026-09-17
2026-09-18,26.0,16.5,0.0,0.0,18.9,35.3,3,Beni Yakhlef,33.6555,-7.3221,2026-09-17
2026-09-19,28.3,15.9,0.0,0.0,16.9,31.3,2,Beni Yakhlef,33.6555,-7.3221,2026-09-17
2026-09-20,30.8,20.0,0.0,0.0,16.4,31.0,45,Beni Yakhlef,33.6555,-7.3221,2026-09-17
2026-09-21,31.1,20.3,0.0,0.0,16.5,31.0,45,Beni Yakhlef,33.6555,-7.3221,2026-09-17
2026-09-22,31.6,19.8,0.0,0.0,17.0,31.7,1,Beni Yakhlef,33.6555,-7.3221,2026-09-17
2026-09-23,31.3,17.9,0.0,0.0,16.7,31.3,3,Beni Yakhlef,33.6555,-7.3221,2026-09-17
2026-09-17,26.2,17.9,0.0,0.0,14.5,31.0,3,Berkane,34.9167,-2.3167,2026-09-17
2026-09-18,26.1,18.6,0.0,0.0,18.9,39.2,3,Berkane,34.9167,-2.3167,2026-09-17
2026-09-19,26.6,19.9,0.2,3.0,19.6,41.8,80,Berkane,34.9167,-2.3167,2026-09-17
2026-09-20,27.4,20.8,0.0,3.0,16.6,35.3,45,Berkane,34.9167,-2.3167,2026-09-17
2026-09-21,26.5,19.8,0.0,8.0,18.8,38.2,45,Berkane,34.9167,-2.3167,2026-09-17
2026-09-22,27.2,17.3,0.0,1.0,14.7,28.1,2,Berkane,34.9167,-2.3167,2026-09-17
2026-09-23,27.7,18.8,0.0,0.0,13.0,24.8,1,Berkane,34.9167,-2.3167,2026-09-17
2026-09-17,27.4,20.7,0.0,0.0,28.0,47.2,3,Biougra,30.2144,-9.3708,2026-09-17
2026-09-18,27.1,19.5,0.0,0.0,24.4,40.3,1,Biougra,30.2144,-9.3708,2026-09-17
2026-09-19,27.4,19.9,0.0,0.0,21.7,36.7,2,Biougra,30.2144,-9.3708,2026-09-17
2026-09-20,28.7,20.0,0.0,0.0,19.8,33.5,2,Biougra,30.2144,-9.3708,2026-09-17
2026-09-21,35.1,20.7,0.0,0.0,19.1,32.4,2,Biougra,30.2144,-9.3708,2026-09-17
2026-09-22,36.3,21.9,0.0,0.0,23.7,40.7,0,Biougra,30.2144,-9.3708,2026-09-17
2026-09-23,34.6,18.7,0.0,0.0,21.0,34.6,1,Biougra,30.2144,-9.3708,2026-09-17
2026-09-17,25.8,18.5,0.0,0.0,16.6,32.4,3,Bir Jdid,33.3737,-8.0002,2026-09-17
2026-09-18,25.4,17.6,0.0,0.0,19.2,37.4,2,Bir Jdid,33.3737,-8.0002,2026-09-17
2026-09-19,27.3,18.6,0.0,0.0,17.1,33.5,45,Bir Jdid,33.3737,-8.0002,2026-09-17
2026-09-20,30.2,20.4,0.0,0.0,15.5,30.2,45,Bir Jdid,33.3737,-8.0002,2026-09-17
2026-09-21,29.8,20.2,0.0,0.0,15.3,30.2,45,Bir Jdid,33.3737,-8.0002,2026-09-17
2026-09-22,29.5,20.0,0.0,0.0,14.8,28.8,45,Bir Jdid,33.3737,-8.0002,2026-09-17
2026-09-23,29.8,19.0,0.0,3.0,15.8,30.6,45,Bir Jdid,33.3737,-8.0002,2026-09-17
2026-09-17,31.4,17.0,0.0,13.0,20.6,31.3,3,Bou Arfa,32.531,-1.9631,2026-09-17
2026-09-18,29.5,18.3,0.4,20.0,20.6,33.8,3,Bou Arfa,32.531,-1.9631,2026-09-17
2026-09-19,26.2,18.4,1.2,63.0,20.2,47.5,80,Bou Arfa,32.531,-1.9631,2026-09-17
2026-09-20,27.6,17.2,0.5,23.0,16.1,27.0,3,Bou Arfa,32.531,-1.9631,2026-09-17
2026-09-21,28.1,16.1,0.0,35.0,19.2,28.1,3,Bou Arfa,32.531,-1.9631,2026-09-17
2026-09-22,27.1,16.2,0.0,17.0,13.5,27.4,3,Bou Arfa,32.531,-1.9631,2026-09-17
2026-09-23,28.5,15.8,0.0,10.0,13.2,20.9,1,Bou Arfa,32.531,-1.9631,2026-09-17
2026-09-17,31.5,17.3,0.0,0.0,15.8,29.5,1,Boujad,32.7741,-6.3925,2026-09-17
2026-09-18,32.9,17.3,0.0,0.0,21.9,39.2,3,Boujad,32.7741,-6.3925,2026-09-17
2026-09-19,35.8,21.5,0.0,3.0,18.3,40.0,2,Boujad,32.7741,-6.3925,2026-09-17
2026-09-20,36.6,23.5,0.0,1.0,27.3,50.0,3,Boujad,32.7741,-6.3925,2026-09-17
2026-09-21,35.1,22.4,0.0,8.0,15.1,32.8,3,Boujad,32.7741,-6.3925,2026-09-17
2026-09-22,34.7,21.0,0.0,3.0,13.2,33.1,2,Boujad,32.7741,-6.3925,2026-09-17
2026-09-23,35.5,20.6,0.0,3.0,13.2,36.4,0,Boujad,32.7741,-6.3925,2026-09-17
2026-09-17,25.0,18.8,0.0,0.0,12.7,22.7,3,Bouknadel,34.1766,-6.6893,2026-09-17
2026-09-18,24.9,16.9,0.0,0.0,16.8,29.2,45,Bouknadel,34.1766,-6.6893,2026-09-17
2026-09-19,29.9,17.9,0.0,0.0,18.8,32.0,45,Bouknadel,34.1766,-6.6893,2026-09-17
2026-09-20,31.8,20.7,0.0,0.0,14.2,25.6,2,Bouknadel,34.1766,-6.6893,2026-09-17
2026-09-21,31.5,21.1,0.0,0.0,15.3,25.9,1,Bouknadel,34.1766,-6.6893,2026-09-17
2026-09-22,32.4,20.4,0.0,0.0,12.9,29.9,0,Bouknadel,34.1766,-6.6893,2026-09-17
2026-09-23,31.3,17.3,0.0,0.0,12.7,29.5,0,Bouknadel,34.1766,-6.6893,2026-09-17
2026-09-17,26.5,18.6,0.0,0.0,14.3,36.4,3,Bouskoura,33.4489,-7.6486,2026-09-17
2026-09-18,26.9,18.0,0.0,0.0,15.5,38.2,3,Bouskoura,33.4489,-7.6486,2026-09-17
2026-09-19,29.6,18.0,0.0,0.0,14.5,36.4,45,Bouskoura,33.4489,-7.6486,2026-09-17
2026-09-20,32.1,21.0,0.0,0.0,14.6,36.4,45,Bouskoura,33.4489,-7.6486,2026-09-17
2026-09-21,33.1,20.8,0.0,0.0,14.7,36.7,45,Bouskoura,33.4489,-7.6486,2026-09-17
2026-09-22,30.1,20.5,0.0,0.0,11.9,31.3,0,Bouskoura,33.4489,-7.6486,2026-09-17
2026-09-23,29.6,18.7,0.0,3.0,12.3,32.0,3,Bouskoura,33.4489,-7.6486,2026-09-17
2026-09-17,29.9,18.8,0.0,0.0,9.4,27.7,3,Béni Mellal,32.3394,-6.3608,2026-09-17
2026-09-18,32.1,19.1,0.0,0.0,10.0,29.5,3,Béni Mellal,32.3394,-6.3608,2026-09-17
2026-09-19,35.8,23.1,0.0,3.0,16.6,37.4,3,Béni Mellal,32.3394,-6.3608,2026-09-17
2026-09-20,36.6,25.0,0.0,4.0,21.3,47.5,2,Béni Mellal,32.3394,-6.3608,2026-09-17
2026-09-21,35.8,24.5,0.0,5.0,16.0,33.8,2,Béni Mellal,32.3394,-6.3608,2026-09-17
2026-09-22,36.2,23.9,0.0,3.0,18.4,35.6,1,Béni Mellal,32.3394,-6.3608,2026-09-17
2026-09-23,37.1,25.2,0.0,3.0,16.5,31.3,0,Béni Mellal,32.3394,-6.3608,2026-09-17
2026-09-17,25.5,20.9,0.1,0.0,34.2,60.5,51,Cabo Bojador,26.1269,-14.4992,2026-09-17
2026-09-18,24.8,19.8,0.0,0.0,24.1,46.1,1,Cabo Bojador,26.1269,-14.4992,2026-09-17
2026-09-19,25.0,18.9,0.0,0.0,22.2,42.8,3,Cabo Bojador,26.1269,-14.4992,2026-09-17
2026-09-20,26.7,19.1,0.0,0.0,26.8,48.6,1,Cabo Bojador,26.1269,-14.4992,2026-09-17
2026-09-21,26.0,20.0,0.0,1.0,26.5,49.3,1,Cabo Bojador,26.1269,-14.4992,2026-09-17
2026-09-22,26.2,20.4,0.0,2.0,28.7,52.2,0,Cabo Bojador,26.1269,-14.4992,2026-09-17
2026-09-23,26.1,20.4,0.0,4.0,28.3,50.0,3,Cabo Bojador,26.1269,-14.4992,2026-09-17
2026-09-17,25.5,19.7,0.0,0.0,12.2,35.3,3,Casablanca,33.5992,-7.62,2026-09-17
2026-09-18,24.6,19.2,0.0,0.0,13.0,34.9,3,Casablanca,33.5992,-7.62,2026-09-17
2026-09-19,26.5,19.0,0.0,0.0,11.9,32.8,45,Casablanca,33.5992,-7.62,2026-09-17
2026-09-20,28.9,21.3,0.0,0.0,11.0,32.0,45,Casablanca,33.5992,-7.62,2026-09-17
2026-09-21,28.7,21.3,0.0,0.0,10.7,30.6,45,Casablanca,33.5992,-7.62,2026-09-17
2026-09-22,30.6,21.3,0.0,0.0,11.9,31.3,0,Casablanca,33.5992,-7.62,2026-09-17
2026-09-23,30.4,19.5,0.0,0.0,12.3,32.0,3,Casablanca,33.5992,-7.62,2026-09-17
2026-09-17,29.7,18.3,0.0,0.0,16.0,27.4,3,Chichaoua,31.5333,-8.7667,2026-09-17
2026-09-18,31.5,17.7,0.0,0.0,18.1,28.8,1,Chichaoua,31.5333,-8.7667,2026-09-17
2026-09-19,34.4,19.4,0.0,0.0,21.4,34.9,2,Chichaoua,31.5333,-8.7667,2026-09-17
2026-09-20,34.5,22.4,0.0,3.0,23.2,37.8,3,Chichaoua,31.5333,-8.7667,2026-09-17
2026-09-21,37.5,22.3,0.0,0.0,24.5,41.8,2,Chichaoua,31.5333,-8.7667,2026-09-17
2026-09-22,37.3,20.3,0.0,0.0,21.1,36.4,0,Chichaoua,31.5333,-8.7667,2026-09-17
2026-09-23,35.7,19.4,0.0,0.0,16.8,28.4,1,Chichaoua,31.5333,-8.7667,2026-09-17
2026-09-17,26.0,14.5,0.0,0.0,14.5,29.5,3,Demnat,31.7311,-7.0361,2026-09-17
2026-09-18,28.4,14.9,0.0,0.0,12.4,24.1,3,Demnat,31.7311,-7.0361,2026-09-17
2026-09-19,32.5,18.6,0.0,5.0,16.1,36.4,3,Demnat,31.7311,-7.0361,2026-09-17
2026-09-20,32.9,22.2,0.3,15.0,17.1,33.8,80,Demnat,31.7311,-7.0361,2026-09-17
2026-09-21,32.6,21.0,0.3,5.0,17.1,35.6,3,Demnat,31.7311,-7.0361,2026-09-17
2026-09-22,32.9,21.3,0.0,3.0,15.2,29.2,2,Demnat,31.7311,-7.0361,2026-09-17
2026-09-23,33.8,15.8,0.0,5.0,15.7,30.2,3,Demnat,31.7311,-7.0361,2026-09-17
2026-09-17,27.9,15.7,0.0,0.0,14.0,33.5,45,Douar Toulal,33.8951,-5.6021,2026-09-17
2026-09-18,29.6,16.1,0.0,0.0,15.5,36.0,3,Douar Toulal,33.8951,-5.6021,2026-09-17
2026-09-19,34.8,19.2,0.0,0.0,13.4,29.9,2,Douar Toulal,33.8951,-5.6021,2026-09-17
2026-09-20,36.5,21.6,0.0,3.0,14.5,40.7,3,Douar Toulal,33.8951,-5.6021,2026-09-17
2026-09-21,36.1,21.0,0.0,0.0,15.6,36.4,1,Douar Toulal,33.8951,-5.6021,2026-09-17
2026-09-22,34.7,20.2,0.0,3.0,15.6,29.9,0,Douar Toulal,33.8951,-5.6021,2026-09-17
2026-09-23,35.2,19.6,0.0,3.0,13.7,25.9,0,Douar Toulal,33.8951,-5.6021,2026-09-17
2026-09-17,29.4,15.5,0.0,0.0,15.7,27.7,3,El Aïoun,34.5726,-2.5127,2026-09-17
2026-09-18,29.1,15.6,0.0,0.0,19.8,34.9,45,El Aïoun,34.5726,-2.5127,2026-09-17
2026-09-19,29.7,19.6,1.3,22.0,35.2,61.9,95,El Aïoun,34.5726,-2.5127,2026-09-17
2026-09-20,31.7,18.7,0.0,3.0,21.5,37.1,45,El Aïoun,34.5726,-2.5127,2026-09-17
2026-09-21,28.6,19.2,0.0,3.0,16.5,29.2,45,El Aïoun,34.5726,-2.5127,2026-09-17
2026-09-22,28.4,15.4,0.0,0.0,15.8,27.7,45,El Aïoun,34.5726,-2.5127,2026-09-17
2026-09-23,30.8,16.7,0.0,0.0,19.2,34.2,1,El Aïoun,34.5726,-2.5127,2026-09-17
2026-09-17,26.1,15.6,0.0,0.0,15.9,34.2,3,El Hajeb,33.6928,-5.3711,2026-09-17
2026-09-18,27.6,15.4,0.0,0.0,16.6,35.6,2,El Hajeb,33.6928,-5.3711,2026-09-17
2026-09-19,31.3,17.7,0.0,10.0,19.1,57.6,2,El Hajeb,33.6928,-5.3711,2026-09-17
2026-09-20,32.8,20.3,0.0,1.0,20.3,43.6,3,El Hajeb,33.6928,-5.3711,2026-09-17
2026-09-21,32.4,20.9,0.0,0.0,20.1,42.8,2,El Hajeb,33.6928,-5.3711,2026-09-17
2026-09-22,31.2,19.8,0.0,3.0,18.0,35.6,0,El Hajeb,33.6928,-5.3711,2026-09-17
2026-09-23,32.1,18.7,0.0,3.0,15.5,29.9,0,El Hajeb,33.6928,-5.3711,2026-09-17
2026-09-17,25.1,20.4,0.0,0.0,13.9,25.6,3,El Jadid,33.2566,-8.5025,2026-09-17
2026-09-18,24.2,19.6,0.0,0.0,20.2,35.6,2,El Jadid,33.2566,-8.5025,2026-09-17
2026-09-19,25.4,20.5,0.0,0.0,16.3,29.9,2,El Jadid,33.2566,-8.5025,2026-09-17
2026-09-20,26.9,20.8,0.0,0.0,13.4,25.2,45,El Jadid,33.2566,-8.5025,2026-09-17
2026-09-21,26.5,20.9,0.0,0.0,12.7,23.4,45,El Jadid,33.2566,-8.5025,2026-09-17
2026-09-22,27.6,20.9,0.0,0.0,12.9,26.3,45,El Jadid,33.2566,-8.5025,2026-09-17
2026-09-23,28.4,20.0,0.0,0.0,13.4,26.6,45,El Jadid,33.2566,-8.5025,2026-09-17
2026-09-17,29.9,17.4,0.0,0.0,16.0,28.1,3,El Kelaa des Srarhna,32.05,-7.4,2026-09-17
2026-09-18,31.9,18.1,0.0,0.0,15.1,25.9,3,El Kelaa des Srarhna,32.05,-7.4,2026-09-17
2026-09-19,35.7,20.4,0.0,3.0,14.7,25.9,3,El Kelaa des Srarhna,32.05,-7.4,2026-09-17
2026-09-20,37.0,23.6,0.0,8.0,18.6,32.0,3,El Kelaa des Srarhna,32.05,-7.4,2026-09-17
2026-09-21,37.3,22.9,0.0,6.0,17.4,28.8,2,El Kelaa des Srarhna,32.05,-7.4,2026-09-17
2026-09-22,36.6,21.6,0.0,5.0,12.8,23.0,2,El Kelaa des Srarhna,32.05,-7.4,2026-09-17
2026-09-23,36.9,19.0,0.0,3.0,12.9,25.6,2,El Kelaa des Srarhna,32.05,-7.4,2026-09-17
2026-09-17,32.8,20.8,0.0,25.0,17.0,35.3,3,Errachidia,31.9319,-4.4244,2026-09-17
2026-09-18,32.3,20.4,0.0,25.0,18.5,42.8,3,Errachidia,31.9319,-4.4244,2026-09-17
2026-09-19,29.6,21.4,0.7,33.0,17.7,39.6,80,Errachidia,31.9319,-4.4244,2026-09-17
2026-09-20,30.4,19.6,0.1,20.0,9.7,21.6,3,Errachidia,31.9319,-4.4244,2026-09-17
2026-09-21,33.1,20.6,0.0,35.0,17.0,32.0,2,Errachidia,31.9319,-4.4244,2026-09-17
2026-09-22,31.9,19.6,0.0,26.0,14.8,24.1,2,Errachidia,31.9319,-4.4244,2026-09-17
2026-09-23,30.7,18.7,0.0,28.0,11.4,21.2,0,Errachidia,31.9319,-4.4244,2026-09-17
2026-09-17,23.8,18.9,0.0,0.0,28.1,52.6,3,Essaouira,31.513,-9.7687,2026-09-17
2026-09-18,23.7,19.0,0.0,0.0,30.0,55.8,0,Essaouira,31.513,-9.7687,2026-09-17
2026-09-19,24.5,18.4,0.0,0.0,23.0,43.2,2,Essaouira,31.513,-9.7687,2026-09-17
2026-09-20,24.3,19.5,0.0,0.0,11.7,23.0,3,Essaouira,31.513,-9.7687,2026-09-17
2026-09-21,25.4,18.6,0.0,0.0,9.5,19.1,45,Essaouira,31.513,-9.7687,2026-09-17
2026-09-22,27.4,18.1,0.0,0.0,9.9,19.8,45,Essaouira,31.513,-9.7687,2026-09-17
2026-09-23,30.3,18.6,0.0,0.0,13.0,25.9,3,Essaouira,31.513,-9.7687,2026-09-17
2026-09-17,27.7,17.4,0.0,0.0,11.2,24.1,3,Fnidq,35.8414,-5.3587,2026-09-17
2026-09-18,24.1,19.2,0.5,3.0,15.6,32.4,45,Fnidq,35.8414,-5.3587,2026-09-17
2026-09-19,24.1,21.2,2.6,18.0,24.6,49.0,80,Fnidq,35.8414,-5.3587,2026-09-17
2026-09-20,24.5,21.9,5.1,36.0,24.1,54.4,80,Fnidq,35.8414,-5.3587,2026-09-17
2026-09-21,25.0,21.6,0.4,10.0,17.8,36.4,2,Fnidq,35.8414,-5.3587,2026-09-17
2026-09-22,25.2,21.1,0.0,2.0,21.2,37.0,2,Fnidq,35.8414,-5.3587,2026-09-17
2026-09-23,25.0,21.1,0.0,0.0,19.4,37.8,2,Fnidq,35.8414,-5.3587,2026-09-17
2026-09-17,28.7,18.0,0.0,0.0,12.2,32.8,3,Fès,34.0433,-5.0033,2026-09-17
2026-09-18,31.3,17.9,0.0,0.0,10.7,29.2,3,Fès,34.0433,-5.0033,2026-09-17
2026-09-19,34.0,21.2,0.0,0.0,19.0,46.8,2,Fès,34.0433,-5.0033,2026-09-17
2026-09-20,36.1,22.4,0.0,0.0,15.4,39.2,1,Fès,34.0433,-5.0033,2026-09-17
2026-09-21,35.2,22.4,0.0,0.0,11.6,32.0,1,Fès,34.0433,-5.0033,2026-09-17
2026-09-22,34.6,21.4,0.0,0.0,10.7,29.5,2,Fès,34.0433,-5.0033,2026-09-17
2026-09-23,36.1,19.7,0.0,0.0,9.2,26.6,0,Fès,34.0433,-5.0033,2026-09-17
2026-09-17,24.5,18.9,0.0,0.0,29.9,49.7,3,Guelmim,28.9833,-10.0667,2026-09-17
2026-09-18,26.7,17.0,0.0,0.0,26.0,44.6,1,Guelmim,28.9833,-10.0667,2026-09-17
2026-09-19,30.7,18.1,0.0,0.0,23.6,41.0,3,Guelmim,28.9833,-10.0667,2026-09-17
2026-09-20,36.0,17.8,0.0,0.0,21.6,38.2,0,Guelmim,28.9833,-10.0667,2026-09-17
2026-09-21,38.4,21.7,0.0,0.0,17.1,32.4,1,Guelmim,28.9833,-10.0667,2026-09-17
2026-09-22,38.8,21.9,0.0,0.0,24.0,41.8,2,Guelmim,28.9833,-10.0667,2026-09-17
2026-09-23,38.6,23.6,0.0,0.0,20.3,35.3,2,Guelmim,28.9833,-10.0667,2026-09-17
2026-09-17,30.9,19.9,0.0,0.0,25.9,51.5,3,Guercif,34.23,-3.36,2026-09-17
2026-09-18,30.1,18.8,0.0,0.0,30.5,56.9,3,Guercif,34.23,-3.36,2026-09-17
2026-09-19,30.2,20.8,0.0,16.0,30.6,58.3,3,Guercif,34.23,-3.36,2026-09-17
2026-09-20,32.6,21.1,0.0,3.0,29.2,55.8,3,Guercif,34.23,-3.36,2026-09-17
2026-09-21,29.9,20.8,0.0,3.0,28.8,53.3,3,Guercif,34.23,-3.36,2026-09-17
2026-09-22,30.2,17.2,0.0,0.0,22.9,37.8,2,Guercif,34.23,-3.36,2026-09-17
2026-09-23,33.2,18.3,0.0,0.0,28.0,51.5,0,Guercif,34.23,-3.36,2026-09-17
2026-09-17,25.7,16.1,0.0,0.0,18.9,32.8,45,Imi-n-Tanout,31.177,-8.8504,2026-09-17
2026-09-18,27.3,16.0,0.0,0.0,16.6,28.8,2,Imi-n-Tanout,31.177,-8.8504,2026-09-17
2026-09-19,30.4,20.1,0.0,0.0,17.6,30.2,2,Imi-n-Tanout,31.177,-8.8504,2026-09-17
2026-09-20,31.7,22.7,0.2,40.0,20.2,35.6,3,Imi-n-Tanout,31.177,-8.8504,2026-09-17
2026-09-21,34.9,23.4,0.0,10.0,21.5,39.6,2,Imi-n-Tanout,31.177,-8.8504,2026-09-17
2026-09-22,34.1,22.1,0.0,3.0,21.7,36.0,0,Imi-n-Tanout,31.177,-8.8504,2026-09-17
2026-09-23,32.7,21.0,0.0,3.0,17.1,28.8,3,Imi-n-Tanout,31.177,-8.8504,2026-09-17
2026-09-17,25.6,18.5,0.0,0.0,14.2,26.6,3,Imzouren,35.1464,-3.8506,2026-09-17
2026-09-18,26.8,18.3,0.0,0.0,18.4,33.1,3,Imzouren,35.1464,-3.8506,2026-09-17
2026-09-19,29.5,19.6,0.0,0.0,24.4,47.2,3,Imzouren,35.1464,-3.8506,2026-09-17
2026-09-20,28.8,22.1,0.0,0.0,19.1,34.9,2,Imzouren,35.1464,-3.8506,2026-09-17
2026-09-21,29.2,20.3,0.0,0.0,18.4,32.8,2,Imzouren,35.1464,-3.8506,2026-09-17
2026-09-22,29.4,17.6,0.0,0.0,12.8,24.5,1,Imzouren,35.1464,-3.8506,2026-09-17
2026-09-23,30.4,18.8,0.0,0.0,12.4,24.1,1,Imzouren,35.1464,-3.8506,2026-09-17
2026-09-17,26.1,20.7,0.0,0.0,14.1,39.2,3,Inezgane,30.3658,-9.5381,2026-09-17
2026-09-18,24.5,19.2,0.0,0.0,13.0,36.7,2,Inezgane,30.3658,-9.5381,2026-09-17
2026-09-19,24.7,20.2,0.0,0.0,15.5,41.4,45,Inezgane,30.3658,-9.5381,2026-09-17
2026-09-20,25.7,19.9,0.0,0.0,14.3,38.5,45,Inezgane,30.3658,-9.5381,2026-09-17
2026-09-21,29.3,19.8,0.0,0.0,11.2,29.2,1,Inezgane,30.3658,-9.5381,2026-09-17
2026-09-22,38.4,21.0,0.0,0.0,22.0,42.1,0,Inezgane,30.3658,-9.5381,2026-09-17
2026-09-23,38.5,22.4,0.0,0.0,12.3,25.2,1,Inezgane,30.3658,-9.5381,2026-09-17
2026-09-17,26.6,16.7,0.0,0.0,18.3,35.6,3,Jerada,34.31,-2.16,2026-09-17
2026-09-18,27.7,15.6,0.0,8.0,24.8,55.4,3,Jerada,34.31,-2.16,2026-09-17
2026-09-19,28.5,17.2,2.5,83.0,18.1,92.2,80,Jerada,34.31,-2.16,2026-09-17
2026-09-20,29.1,16.5,0.3,13.0,21.1,56.2,80,Jerada,34.31,-2.16,2026-09-17
2026-09-21,25.9,16.9,0.0,13.0,23.7,48.6,2,Jerada,34.31,-2.16,2026-09-17
2026-09-22,26.9,14.4,0.0,4.0,17.0,28.4,1,Jerada,34.31,-2.16,2026-09-17
2026-09-23,29.3,16.2,0.0,3.0,20.2,35.3,2,Jerada,34.31,-2.16,2026-09-17
2026-09-17,26.3,18.3,0.0,0.0,11.4,29.5,3,Kenitra,34.25,-6.5833,2026-09-17
2026-09-18,27.2,16.1,0.0,0.0,14.0,36.4,45,Kenitra,34.25,-6.5833,2026-09-17
2026-09-19,33.6,17.0,0.0,0.0,15.9,41.4,45,Kenitra,34.25,-6.5833,2026-09-17
2026-09-20,36.3,21.1,0.0,0.0,14.4,37.4,1,Kenitra,34.25,-6.5833,2026-09-17
2026-09-21,34.2,21.0,0.0,0.0,13.7,36.7,1,Kenitra,34.25,-6.5833,2026-09-17
2026-09-22,32.6,19.7,0.0,0.0,12.9,29.9,0,Kenitra,34.25,-6.5833,2026-09-17
2026-09-23,31.3,17.3,0.0,0.0,12.7,29.5,0,Kenitra,34.25,-6.5833,2026-09-17
2026-09-17,31.6,15.7,0.0,0.0,16.3,30.6,3,Khénifra,32.93,-5.66,2026-09-17
2026-09-18,32.5,15.8,0.0,0.0,20.4,39.6,3,Khénifra,32.93,-5.66,2026-09-17
2026-09-19,34.9,19.7,0.0,3.0,26.3,55.1,3,Khénifra,32.93,-5.66,2026-09-17
2026-09-20,35.1,19.8,0.1,1.0,21.3,46.4,3,Khénifra,32.93,-5.66,2026-09-17
2026-09-21,35.3,19.3,0.0,8.0,19.2,37.4,3,Khénifra,32.93,-5.66,2026-09-17
2026-09-22,34.0,19.0,0.0,3.0,15.0,31.0,2,Khénifra,32.93,-5.66,2026-09-17
2026-09-23,35.0,20.1,0.0,3.0,11.2,19.8,1,Khénifra,32.93,-5.66,2026-09-17
2026-09-17,28.0,14.4,0.0,0.0,17.2,35.6,3,Kouribga,32.88,-6.9,2026-09-17
2026-09-18,30.0,15.5,0.0,0.0,20.2,39.2,3,Kouribga,32.88,-6.9,2026-09-17
2026-09-19,34.2,18.8,0.0,0.0,19.1,36.7,3,Kouribga,32.88,-6.9,2026-09-17
2026-09-20,34.5,23.1,0.2,15.0,20.6,54.7,3,Kouribga,32.88,-6.9,2026-09-17
2026-09-21,33.5,21.5,0.3,5.0,18.3,43.9,80,Kouribga,32.88,-6.9,2026-09-17
2026-09-22,34.3,21.1,0.0,3.0,19.4,37.8,2,Kouribga,32.88,-6.9,2026-09-17
2026-09-23,35.0,18.8,0.0,3.0,19.4,38.2,2,Kouribga,32.88,-6.9,2026-09-17
2026-09-17,28.5,18.8,0.0,0.0,14.8,28.4,3,Ksar El Kebir,35.0,-5.9,2026-09-17
2026-09-18,30.4,16.2,0.0,0.0,17.8,34.6,45,Ksar El Kebir,35.0,-5.9,2026-09-17
2026-09-19,36.1,18.6,0.0,0.0,11.1,22.3,1,Ksar El Kebir,35.0,-5.9,2026-09-17
2026-09-20,37.7,24.1,0.0,0.0,14.8,27.7,1,Ksar El Kebir,35.0,-5.9,2026-09-17
2026-09-21,36.8,22.9,0.0,0.0,13.4,29.2,0,Ksar El Kebir,35.0,-5.9,2026-09-17
2026-09-22,35.8,20.3,0.0,0.0,13.2,25.2,0,Ksar El Kebir,35.0,-5.9,2026-09-17
2026-09-23,37.1,18.8,0.0,0.0,14.1,29.5,0,Ksar El Kebir,35.0,-5.9,2026-09-17
2026-09-17,25.4,17.7,0.0,0.0,12.1,23.4,3,Larache,35.1833,-6.15,2026-09-17
2026-09-18,27.6,15.2,0.0,0.0,16.5,31.0,45,Larache,35.1833,-6.15,2026-09-17
2026-09-19,35.2,19.2,0.0,0.0,20.1,36.7,1,Larache,35.1833,-6.15,2026-09-17
2026-09-20,35.6,25.0,0.0,0.0,17.1,32.4,1,Larache,35.1833,-6.15,2026-09-17
2026-09-21,34.4,21.9,0.0,0.0,16.6,30.6,0,Larache,35.1833,-6.15,2026-09-17
2026-09-22,32.6,18.7,0.0,0.0,13.0,24.5,0,Larache,35.1833,-6.15,2026-09-17
2026-09-23,33.7,16.7,0.0,3.0,17.5,32.0,0,Larache,35.1833,-6.15,2026-09-17
2026-09-17,28.0,21.4,0.1,2.0,32.9,62.6,51,Laâyoune,27.15,-13.2,2026-09-17
2026-09-18,27.8,19.8,0.0,2.0,27.1,52.6,3,Laâyoune,27.15,-13.2,2026-09-17
2026-09-19,29.0,18.0,0.0,0.0,23.7,46.8,2,Laâyoune,27.15,-13.2,2026-09-17
2026-09-20,32.3,18.4,0.0,0.0,20.2,41.0,3,Laâyoune,27.15,-13.2,2026-09-17
2026-09-21,34.9,19.9,0.0,0.0,24.5,49.7,1,Laâyoune,27.15,-13.2,2026-09-17
2026-09-22,35.4,20.5,0.0,0.0,23.8,49.7,0,Laâyoune,27.15,-13.2,2026-09-17
2026-09-23,36.8,20.7,0.0,2.0,22.1,46.4,2,Laâyoune,27.15,-13.2,2026-09-17
2026-09-17,27.7,20.7,0.0,0.0,17.6,39.2,3,Lqoliaa,30.2942,-9.4544,2026-09-17
2026-09-18,26.4,19.4,0.0,0.0,18.8,41.8,3,Lqoliaa,30.2942,-9.4544,2026-09-17
2026-09-19,26.6,20.0,0.0,0.0,20.7,44.6,3,Lqoliaa,30.2942,-9.4544,2026-09-17
2026-09-20,27.5,19.8,0.0,0.0,20.5,43.9,45,Lqoliaa,30.2942,-9.4544,2026-09-17
2026-09-21,33.8,19.6,0.0,0.0,17.3,37.4,1,Lqoliaa,30.2942,-9.4544,2026-09-17
2026-09-22,32.8,20.6,0.0,0.0,18.1,39.2,0,Lqoliaa,30.2942,-9.4544,2026-09-17
2026-09-23,33.1,19.0,0.0,0.0,15.5,34.2,2,Lqoliaa,30.2942,-9.4544,2026-09-17
2026-09-17,30.3,18.3,0.0,0.0,9.8,30.2,3,Marrakech,31.6295,-7.9811,2026-09-17
2026-09-18,32.5,18.2,0.0,0.0,8.7,23.8,2,Marrakech,31.6295,-7.9811,2026-09-17
2026-09-19,36.2,20.9,0.2,13.0,8.0,26.3,3,Marrakech,31.6295,-7.9811,2026-09-17
2026-09-20,36.8,22.7,0.7,25.0,11.7,32.8,80,Marrakech,31.6295,-7.9811,2026-09-17
2026-09-21,38.1,23.4,0.0,11.0,12.9,37.4,2,Marrakech,31.6295,-7.9811,2026-09-17
2026-09-22,37.3,21.8,0.0,1.0,15.9,28.4,0,Marrakech,31.6295,-7.9811,2026-09-17
2026-09-23,37.2,20.8,0.0,3.0,14.8,25.9,0,Marrakech,31.6295,-7.9811,2026-09-17
2026-09-17,25.7,16.9,0.0,0.0,11.0,26.6,3,Martil,35.61,-5.27,2026-09-17
2026-09-18,24.7,19.6,0.4,3.0,16.9,37.4,80,Martil,35.61,-5.27,2026-09-17
2026-09-19,24.8,22.4,2.0,18.0,30.0,67.7,80,Martil,35.61,-5.27,2026-09-17
2026-09-20,25.0,22.9,4.8,36.0,25.0,58.0,80,Martil,35.61,-5.27,2026-09-17
2026-09-21,25.3,22.5,1.5,10.0,20.3,46.4,80,Martil,35.61,-5.27,2026-09-17
2026-09-22,25.2,21.4,0.0,2.0,21.2,38.2,2,Martil,35.61,-5.27,2026-09-17
2026-09-23,25.1,21.1,0.0,0.0,19.4,37.8,2,Martil,35.61,-5.27,2026-09-17
2026-09-17,28.4,18.3,0.0,0.0,14.3,26.6,3,Mechraa Bel Ksiri,34.56,-5.95,2026-09-17
2026-09-18,31.3,15.2,0.0,0.0,18.4,34.2,45,Mechraa Bel Ksiri,34.56,-5.95,2026-09-17
2026-09-19,36.9,18.4,0.0,0.0,17.7,32.8,45,Mechraa Bel Ksiri,34.56,-5.95,2026-09-17
2026-09-20,38.5,25.2,0.0,0.0,21.9,40.7,1,Mechraa Bel Ksiri,34.56,-5.95,2026-09-17
2026-09-21,38.0,24.8,0.0,0.0,17.1,33.5,1,Mechraa Bel Ksiri,34.56,-5.95,2026-09-17
2026-09-22,37.5,24.3,0.0,0.0,17.7,33.5,0,Mechraa Bel Ksiri,34.56,-5.95,2026-09-17
2026-09-23,38.3,22.7,0.0,0.0,15.5,29.2,0,Mechraa Bel Ksiri,34.56,-5.95,2026-09-17
2026-09-17,27.3,17.8,0.0,0.0,15.4,28.8,3,Mediouna,33.4556,-7.5208,2026-09-17
2026-09-18,27.8,17.2,0.0,0.0,18.4,33.5,3,Mediouna,33.4556,-7.5208,2026-09-17
2026-09-19,30.5,17.0,0.0,0.0,17.1,31.0,45,Mediouna,33.4556,-7.5208,2026-09-17
2026-09-20,33.7,20.4,0.0,0.0,16.8,30.2,45,Mediouna,33.4556,-7.5208,2026-09-17
2026-09-21,34.1,20.5,0.0,0.0,17.8,31.7,45,Mediouna,33.4556,-7.5208,2026-09-17
2026-09-22,30.1,20.1,0.0,0.0,11.9,31.3,1,Mediouna,33.4556,-7.5208,2026-09-17
2026-09-23,29.3,18.5,0.0,0.0,12.3,32.0,3,Mediouna,33.4556,-7.5208,2026-09-17
2026-09-17,26.0,18.6,0.0,0.0,11.0,26.3,3,Mehdya,34.2557,-6.6745,2026-09-17
2026-09-18,26.2,16.4,0.0,0.0,15.4,34.2,45,Mehdya,34.2557,-6.6745,2026-09-17
2026-09-19,33.2,17.4,0.0,0.0,16.9,37.1,45,Mehdya,34.2557,-6.6745,2026-09-17
2026-09-20,35.7,21.1,0.0,0.0,13.0,30.2,1,Mehdya,34.2557,-6.6745,2026-09-17
2026-09-21,34.0,21.2,0.0,0.0,13.7,31.3,2,Mehdya,34.2557,-6.6745,2026-09-17
2026-09-22,32.5,20.0,0.0,0.0,12.9,29.9,0,Mehdya,34.2557,-6.6745,2026-09-17
2026-09-23,31.3,17.3,0.0,0.0,12.7,29.5,0,Mehdya,34.2557,-6.6745,2026-09-17
2026-09-17,27.3,15.4,0.0,0.0,12.7,34.2,45,Meknès,33.8833,-5.55,2026-09-17
2026-09-18,29.5,16.0,0.0,0.0,13.6,36.4,3,Meknès,33.8833,-5.55,2026-09-17
2026-09-19,34.1,19.2,0.0,0.0,13.6,34.9,2,Meknès,33.8833,-5.55,2026-09-17
2026-09-20,35.8,21.2,0.0,0.0,13.0,39.2,3,Meknès,33.8833,-5.55,2026-09-17
2026-09-21,35.5,20.8,0.0,0.0,14.6,38.2,1,Meknès,33.8833,-5.55,2026-09-17
2026-09-22,34.3,19.8,0.0,3.0,12.8,29.9,0,Meknès,33.8833,-5.55,2026-09-17
2026-09-23,35.1,19.1,0.0,3.0,11.3,25.9,0,Meknès,33.8833,-5.55,2026-09-17
2026-09-17,28.4,13.7,0.3,25.0,22.3,38.5,3,Midalt,32.68,-4.74,2026-09-17
2026-09-18,28.0,13.5,0.0,18.0,24.9,45.4,3,Midalt,32.68,-4.74,2026-09-17
2026-09-19,27.2,13.8,1.4,55.0,27.9,49.0,80,Midalt,32.68,-4.74,2026-09-17
2026-09-20,28.9,14.1,0.0,7.0,19.3,34.2,45,Midalt,32.68,-4.74,2026-09-17
2026-09-21,29.2,14.9,0.0,15.0,18.6,38.9,2,Midalt,32.68,-4.74,2026-09-17
2026-09-22,29.1,14.7,0.0,9.0,21.9,35.3,3,Midalt,32.68,-4.74,2026-09-17
2026-09-23,29.0,12.8,0.0,3.0,18.6,29.5,1,Midalt,32.68,-4.74,2026-09-17
2026-09-17,31.2,16.8,0.0,20.0,24.7,38.9,3,Missour,33.05,-3.9908,2026-09-17
2026-09-18,31.3,15.8,0.0,30.0,30.6,50.0,3,Missour,33.05,-3.9908,2026-09-17
2026-09-19,29.9,17.3,5.8,55.0,27.6,55.8,95,Missour,33.05,-3.9908,2026-09-17
2026-09-20,31.3,17.6,0.0,15.0,22.2,36.4,2,Missour,33.05,-3.9908,2026-09-17
2026-09-21,29.9,18.2,0.0,23.0,26.2,42.1,45,Missour,33.05,-3.9908,2026-09-17
2026-09-22,29.2,16.1,0.0,15.0,22.1,35.6,1,Missour,33.05,-3.9908,2026-09-17
2026-09-23,31.3,15.8,0.0,10.0,14.6,24.1,1,Missour,33.05,-3.9908,2026-09-17
2026-09-17,25.1,19.1,0.0,0.0,14.0,34.2,3,Mohammedia,33.6833,-7.3833,2026-09-17
2026-09-18,24.3,18.0,0.0,0.0,13.8,34.9,3,Mohammedia,33.6833,-7.3833,2026-09-17
2026-09-19,26.1,17.0,0.0,0.0,13.0,32.0,2,Mohammedia,33.6833,-7.3833,2026-09-17
2026-09-20,27.2,20.5,0.0,0.0,12.0,28.4,45,Mohammedia,33.6833,-7.3833,2026-09-17
2026-09-21,27.6,20.7,0.0,0.0,11.7,28.1,45,Mohammedia,33.6833,-7.3833,2026-09-17
2026-09-22,32.2,20.5,0.0,0.0,17.0,31.7,45,Mohammedia,33.6833,-7.3833,2026-09-17
2026-09-23,31.9,18.5,0.0,0.0,16.7,31.3,3,Mohammedia,33.6833,-7.3833,2026-09-17
2026-09-17,25.9,20.3,0.0,0.0,15.1,24.5,3,Moulay Abdallah,33.1978,-8.5883,2026-09-17
2026-09-18,25.2,19.5,0.0,0.0,21.6,34.9,2,Moulay Abdallah,33.1978,-8.5883,2026-09-17
2026-09-19,26.8,20.5,0.0,0.0,18.6,29.5,2,Moulay Abdallah,33.1978,-8.5883,2026-09-17
2026-09-20,26.6,20.8,0.0,0.0,14.5,23.0,45,Moulay Abdallah,33.1978,-8.5883,2026-09-17
2026-09-21,27.4,20.4,0.0,0.0,13.6,20.9,45,Moulay Abdallah,33.1978,-8.5883,2026-09-17
2026-09-22,27.8,20.9,0.0,0.0,13.7,26.3,45,Moulay Abdallah,33.1978,-8.5883,2026-09-17
2026-09-23,27.7,19.5,0.0,0.0,13.4,26.3,45,Moulay Abdallah,33.1978,-8.5883,2026-09-17
2026-09-17,24.6,18.1,0.0,0.0,12.2,20.5,3,Moulay Bousselham,34.8786,-6.2933,2026-09-17
2026-09-18,24.6,14.9,0.0,0.0,18.6,31.3,45,Moulay Bousselham,34.8786,-6.2933,2026-09-17
2026-09-19,30.1,17.9,0.0,0.0,16.7,28.8,0,Moulay Bousselham,34.8786,-6.2933,2026-09-17
2026-09-20,33.3,22.3,0.0,0.0,17.8,29.9,0,Moulay Bousselham,34.8786,-6.2933,2026-09-17
2026-09-21,31.9,21.0,0.0,0.0,17.2,29.5,0,Moulay Bousselham,34.8786,-6.2933,2026-09-17
2026-09-22,33.9,20.5,0.0,0.0,18.5,32.8,0,Moulay Bousselham,34.8786,-6.2933,2026-09-17
2026-09-23,34.6,17.2,0.0,0.0,18.4,33.1,0,Moulay Bousselham,34.8786,-6.2933,2026-09-17
2026-09-17,30.4,15.2,0.0,0.0,18.8,40.7,3,Mrirt,33.1654,-5.5634,2026-09-17
2026-09-18,30.9,14.1,0.0,0.0,19.8,44.6,3,Mrirt,33.1654,-5.5634,2026-09-17
2026-09-19,32.8,17.2,1.7,23.0,16.6,42.1,61,Mrirt,33.1654,-5.5634,2026-09-17
2026-09-20,32.8,18.0,0.1,3.0,17.2,42.5,3,Mrirt,33.1654,-5.5634,2026-09-17
2026-09-21,33.1,18.0,0.0,5.0,20.6,47.5,2,Mrirt,33.1654,-5.5634,2026-09-17
2026-09-22,31.7,17.4,0.0,3.0,19.1,37.8,2,Mrirt,33.1654,-5.5634,2026-09-17
2026-09-23,33.1,15.6,0.0,5.0,15.9,37.1,0,Mrirt,33.1654,-5.5634,2026-09-17
2026-09-17,26.8,20.6,0.0,0.0,17.7,39.2,3,My Drarga,30.3805,-9.4763,2026-09-17
2026-09-18,25.8,19.2,0.0,0.0,15.6,35.6,2,My Drarga,30.3805,-9.4763,2026-09-17
2026-09-19,26.1,20.0,0.0,0.0,17.5,38.5,45,My Drarga,30.3805,-9.4763,2026-09-17
2026-09-20,27.1,19.9,0.0,0.0,16.6,35.6,45,My Drarga,30.3805,-9.4763,2026-09-17
2026-09-21,31.9,20.6,0.0,0.0,11.4,27.0,1,My Drarga,30.3805,-9.4763,2026-09-17
2026-09-22,38.2,22.2,0.0,3.0,22.0,42.1,0,My Drarga,30.3805,-9.4763,2026-09-17
2026-09-23,38.3,22.3,0.0,3.0,12.3,25.2,1,My Drarga,30.3805,-9.4763,2026-09-17
2026-09-17,25.5,16.7,0.0,0.0,11.0,26.6,3,M’diq,35.68,-5.32,2026-09-17
2026-09-18,24.5,19.4,0.4,0.0,16.9,37.4,80,M’diq,35.68,-5.32,2026-09-17
2026-09-19,24.7,22.2,2.0,0.0,30.0,67.7,80,M’diq,35.68,-5.32,2026-09-17
2026-09-20,24.9,22.8,4.8,3.0,25.0,58.0,80,M’diq,35.68,-5.32,2026-09-17
2026-09-21,25.1,22.4,1.5,0.0,20.3,46.4,80,M’diq,35.68,-5.32,2026-09-17
2026-09-22,27.0,21.6,0.0,0.0,24.7,53.3,2,M’diq,35.68,-5.32,2026-09-17
2026-09-23,26.9,21.5,0.0,0.0,23.0,60.1,2,M’diq,35.68,-5.32,2026-09-17
2026-09-17,27.1,21.6,0.3,0.0,13.2,31.3,80,Nador,35.1667,-2.9333,2026-09-17
2026-09-18,25.4,21.8,1.1,0.0,15.5,34.9,80,Nador,35.1667,-2.9333,2026-09-17
2026-09-19,25.5,23.1,3.6,2.0,22.6,49.3,80,Nador,35.1667,-2.9333,2026-09-17
2026-09-20,26.1,23.9,2.7,5.0,20.5,46.4,80,Nador,35.1667,-2.9333,2026-09-17
2026-09-21,26.2,23.2,0.6,10.0,15.0,31.0,2,Nador,35.1667,-2.9333,2026-09-17
2026-09-22,26.7,21.4,0.0,0.0,17.8,31.3,45,Nador,35.1667,-2.9333,2026-09-17
2026-09-23,26.8,18.3,0.0,3.0,19.6,34.9,45,Nador,35.1667,-2.9333,2026-09-17
2026-09-17,30.2,15.4,0.0,0.0,14.4,34.2,2,Oued Zem,32.8619,-6.5711,2026-09-17
2026-09-18,31.6,16.4,0.0,0.0,20.3,39.2,3,Oued Zem,32.8619,-6.5711,2026-09-17
2026-09-19,34.9,19.9,0.0,3.0,19.9,41.8,2,Oued Zem,32.8619,-6.5711,2026-09-17
2026-09-20,35.4,23.3,0.1,5.0,23.1,52.6,3,Oued Zem,32.8619,-6.5711,2026-09-17
2026-09-21,34.0,22.3,0.3,5.0,19.1,38.2,3,Oued Zem,32.8619,-6.5711,2026-09-17
2026-09-22,34.2,21.2,0.0,3.0,13.1,30.2,2,Oued Zem,32.8619,-6.5711,2026-09-17
2026-09-23,34.9,19.4,0.0,3.0,13.8,32.0,0,Oued Zem,32.8619,-6.5711,2026-09-17
2026-09-17,27.9,16.4,0.0,0.0,16.1,31.3,3,Ouezzane,34.8,-5.6,2026-09-17
2026-09-18,30.6,15.0,0.0,0.0,16.8,32.8,2,Ouezzane,34.8,-5.6,2026-09-17
2026-09-19,35.6,17.9,0.0,0.0,17.1,34.6,1,Ouezzane,34.8,-5.6,2026-09-17
2026-09-20,37.0,22.5,0.0,0.0,13.4,27.7,2,Ouezzane,34.8,-5.6,2026-09-17
2026-09-21,36.3,20.6,0.0,0.0,12.9,27.0,0,Ouezzane,34.8,-5.6,2026-09-17
2026-09-22,36.1,18.5,0.0,0.0,9.5,22.5,0,Ouezzane,34.8,-5.6,2026-09-17
2026-09-23,37.4,18.4,0.0,0.0,9.4,19.4,0,Ouezzane,34.8,-5.6,2026-09-17
2026-09-17,27.8,15.6,0.0,0.0,17.0,36.0,3,Oujda-Angad,34.6867,-1.9114,2026-09-17
2026-09-18,27.9,16.2,0.0,5.0,19.5,41.0,45,Oujda-Angad,34.6867,-1.9114,2026-09-17
2026-09-19,29.5,18.9,5.6,58.0,18.6,44.3,96,Oujda-Angad,34.6867,-1.9114,2026-09-17
2026-09-20,30.2,19.0,0.5,13.0,18.1,38.5,80,Oujda-Angad,34.6867,-1.9114,2026-09-17
2026-09-21,27.1,19.3,0.0,5.0,16.8,40.0,45,Oujda-Angad,34.6867,-1.9114,2026-09-17
2026-09-22,27.9,15.7,0.0,3.0,17.4,33.1,45,Oujda-Angad,34.6867,-1.9114,2026-09-17
2026-09-23,30.4,16.9,0.0,3.0,20.7,37.8,1,Oujda-Angad,34.6867,-1.9114,2026-09-17
2026-09-17,29.5,17.6,0.0,0.0,26.4,46.1,3,Oulad Barhil,30.6408,-8.475,2026-09-17
2026-09-18,30.1,17.9,0.0,0.0,27.2,48.6,3,Oulad Barhil,30.6408,-8.475,2026-09-17
2026-09-19,34.5,20.0,0.0,0.0,27.1,50.8,2,Oulad Barhil,30.6408,-8.475,2026-09-17
2026-09-20,37.3,20.8,0.0,5.0,24.1,44.6,3,Oulad Barhil,30.6408,-8.475,2026-09-17
2026-09-21,38.4,21.7,0.0,3.0,33.4,60.5,2,Oulad Barhil,30.6408,-8.475,2026-09-17
2026-09-22,38.3,20.4,0.0,3.0,27.4,57.2,1,Oulad Barhil,30.6408,-8.475,2026-09-17
2026-09-23,38.8,17.5,0.0,3.0,21.2,43.9,3,Oulad Barhil,30.6408,-8.475,2026-09-17
2026-09-17,28.5,17.5,0.0,0.0,14.1,27.0,45,Oulad Tayeb,33.9598,-4.9954,2026-09-17
2026-09-18,30.8,17.7,0.0,0.0,13.4,26.6,2,Oulad Tayeb,33.9598,-4.9954,2026-09-17
2026-09-19,33.5,19.7,0.0,0.0,21.4,42.5,2,Oulad Tayeb,33.9598,-4.9954,2026-09-17
2026-09-20,35.7,20.8,0.0,0.0,17.8,33.8,1,Oulad Tayeb,33.9598,-4.9954,2026-09-17
2026-09-21,35.2,21.4,0.0,0.0,12.5,26.3,1,Oulad Tayeb,33.9598,-4.9954,2026-09-17
2026-09-22,33.8,20.2,0.0,0.0,11.1,28.4,2,Oulad Tayeb,33.9598,-4.9954,2026-09-17
2026-09-23,35.3,18.9,0.0,0.0,9.2,26.6,0,Oulad Tayeb,33.9598,-4.9954,2026-09-17
2026-09-17,29.3,19.8,0.0,0.0,23.7,44.3,45,Oulad Teïma,30.4,-9.21,2026-09-17
2026-09-18,28.8,18.7,0.0,0.0,23.0,44.3,1,Oulad Teïma,30.4,-9.21,2026-09-17
2026-09-19,29.2,19.1,0.0,0.0,25.1,47.5,45,Oulad Teïma,30.4,-9.21,2026-09-17
2026-09-20,31.0,19.4,0.0,0.0,24.5,45.7,45,Oulad Teïma,30.4,-9.21,2026-09-17
2026-09-21,38.8,20.5,0.0,0.0,21.4,41.0,2,Oulad Teïma,30.4,-9.21,2026-09-17
2026-09-22,38.3,20.8,0.0,3.0,29.2,50.8,1,Oulad Teïma,30.4,-9.21,2026-09-17
2026-09-23,37.0,19.8,0.0,3.0,23.9,40.0,1,Oulad Teïma,30.4,-9.21,2026-09-17
2026-09-17,32.0,17.8,0.0,0.0,12.0,22.0,2,Oulad Yaïch,32.4167,-6.3333,2026-09-17
2026-09-18,34.2,18.6,0.0,0.0,9.4,18.4,3,Oulad Yaïch,32.4167,-6.3333,2026-09-17
2026-09-19,38.1,21.7,0.1,5.0,15.5,29.9,3,Oulad Yaïch,32.4167,-6.3333,2026-09-17
2026-09-20,38.5,25.4,0.0,4.0,19.7,44.3,3,Oulad Yaïch,32.4167,-6.3333,2026-09-17
2026-09-21,38.0,23.4,0.0,5.0,13.3,29.9,3,Oulad Yaïch,32.4167,-6.3333,2026-09-17
2026-09-22,36.2,23.5,0.0,3.0,18.4,35.6,1,Oulad Yaïch,32.4167,-6.3333,2026-09-17
2026-09-23,37.1,25.3,0.0,3.0,16.5,31.3,0,Oulad Yaïch,32.4167,-6.3333,2026-09-17
2026-09-17,32.4,17.3,0.0,0.0,12.7,23.8,3,Qasbat Tadla,32.6,-6.26,2026-09-17
2026-09-18,34.4,17.7,0.0,0.0,16.8,34.2,3,Qasbat Tadla,32.6,-6.26,2026-09-17
2026-09-19,37.6,21.4,0.0,3.0,14.3,26.6,3,Qasbat Tadla,32.6,-6.26,2026-09-17
2026-09-20,38.6,23.5,0.0,3.0,19.5,35.6,3,Qasbat Tadla,32.6,-6.26,2026-09-17
2026-09-21,37.8,20.9,0.0,3.0,13.7,33.8,2,Qasbat Tadla,32.6,-6.26,2026-09-17
2026-09-22,36.9,20.8,0.0,3.0,10.4,19.4,2,Qasbat Tadla,32.6,-6.26,2026-09-17
2026-09-23,37.9,15.7,0.0,3.0,7.6,15.5,0,Qasbat Tadla,32.6,-6.26,2026-09-17
2026-09-17,25.6,18.6,0.0,0.0,11.4,30.6,3,Rabat,34.0211,-6.8414,2026-09-17
2026-09-18,25.6,16.8,0.0,0.0,13.4,35.3,45,Rabat,34.0211,-6.8414,2026-09-17
2026-09-19,28.7,16.8,0.0,0.0,12.8,33.1,45,Rabat,34.0211,-6.8414,2026-09-17
2026-09-20,31.0,20.6,0.0,0.0,12.1,32.4,2,Rabat,34.0211,-6.8414,2026-09-17
2026-09-21,31.3,21.4,0.0,0.0,13.0,32.8,2,Rabat,34.0211,-6.8414,2026-09-17
2026-09-22,29.7,21.1,0.0,0.0,11.9,29.2,0,Rabat,34.0211,-6.8414,2026-09-17
2026-09-23,29.2,19.2,0.0,0.0,9.8,26.6,3,Rabat,34.0211,-6.8414,2026-09-17
2026-09-17,24.9,19.2,0.0,0.0,19.1,35.6,2,Safi,32.2833,-9.2333,2026-09-17
2026-09-18,26.0,18.7,0.0,0.0,23.4,42.1,1,Safi,32.2833,-9.2333,2026-09-17
2026-09-19,27.1,18.9,0.0,0.0,18.3,34.2,3,Safi,32.2833,-9.2333,2026-09-17
2026-09-20,25.2,19.3,0.0,0.0,9.0,18.7,45,Safi,32.2833,-9.2333,2026-09-17
2026-09-21,25.6,19.9,0.0,0.0,9.7,19.4,45,Safi,32.2833,-9.2333,2026-09-17
2026-09-22,29.2,19.0,0.0,0.0,14.6,28.1,45,Safi,32.2833,-9.2333,2026-09-17
2026-09-23,30.0,19.9,0.0,0.0,12.7,23.0,45,Safi,32.2833,-9.2333,2026-09-17
2026-09-17,25.6,18.6,0.0,0.0,11.4,30.6,3,Sale,34.05,-6.8167,2026-09-17
2026-09-18,25.5,16.8,0.0,0.0,13.4,35.3,45,Sale,34.05,-6.8167,2026-09-17
2026-09-19,28.6,16.7,0.0,0.0,12.8,33.1,45,Sale,34.05,-6.8167,2026-09-17
2026-09-20,30.9,20.5,0.0,0.0,12.1,32.4,2,Sale,34.05,-6.8167,2026-09-17
2026-09-21,31.2,21.3,0.0,0.0,13.0,32.8,2,Sale,34.05,-6.8167,2026-09-17
2026-09-22,29.6,21.0,0.0,0.0,11.9,29.2,0,Sale,34.05,-6.8167,2026-09-17
2026-09-23,29.1,19.2,0.0,0.0,9.8,26.6,3,Sale,34.05,-6.8167,2026-09-17
2026-09-17,27.6,18.2,0.0,0.0,17.0,32.8,2,Sebt Gzoula,32.1219,-9.0889,2026-09-17
2026-09-18,30.0,17.7,0.0,0.0,18.8,36.0,1,Sebt Gzoula,32.1219,-9.0889,2026-09-17
2026-09-19,32.5,18.4,0.0,0.0,14.4,28.1,2,Sebt Gzoula,32.1219,-9.0889,2026-09-17
2026-09-20,30.4,21.0,0.0,0.0,14.7,28.1,2,Sebt Gzoula,32.1219,-9.0889,2026-09-17
2026-09-21,32.7,20.7,0.0,0.0,13.0,24.8,1,Sebt Gzoula,32.1219,-9.0889,2026-09-17
2026-09-22,30.7,19.4,0.0,0.0,14.7,28.4,45,Sebt Gzoula,32.1219,-9.0889,2026-09-17
2026-09-23,30.5,19.3,0.0,0.0,13.0,24.1,45,Sebt Gzoula,32.1219,-9.0889,2026-09-17
2026-09-17,25.5,16.8,0.0,0.0,12.7,29.9,3,Sefrou,33.83,-4.83,2026-09-17
2026-09-18,27.9,17.0,0.0,0.0,16.2,36.4,2,Sefrou,33.83,-4.83,2026-09-17
2026-09-19,31.0,19.8,0.2,8.0,16.6,40.3,3,Sefrou,33.83,-4.83,2026-09-17
2026-09-20,32.6,20.7,0.0,0.0,17.7,38.9,1,Sefrou,33.83,-4.83,2026-09-17
2026-09-21,31.9,21.8,0.0,0.0,17.0,37.8,1,Sefrou,33.83,-4.83,2026-09-17
2026-09-22,31.2,18.7,0.0,5.0,13.8,27.4,3,Sefrou,33.83,-4.83,2026-09-17
2026-09-23,32.8,15.3,0.0,5.0,13.1,26.6,0,Sefrou,33.83,-4.83,2026-09-17
2026-09-17,30.2,20.3,0.0,0.0,29.6,51.8,3,Semara,26.7394,-11.6703,2026-09-17
2026-09-18,30.1,20.0,0.0,0.0,25.1,43.9,3,Semara,26.7394,-11.6703,2026-09-17
2026-09-19,31.7,18.5,0.0,2.0,18.8,33.1,3,Semara,26.7394,-11.6703,2026-09-17
2026-09-20,36.3,18.5,0.0,0.0,18.8,30.2,3,Semara,26.7394,-11.6703,2026-09-17
2026-09-21,41.7,22.7,0.0,4.0,25.1,44.3,0,Semara,26.7394,-11.6703,2026-09-17
2026-09-22,41.9,24.1,0.0,1.0,23.8,45.7,1,Semara,26.7394,-11.6703,2026-09-17
2026-09-23,42.1,25.2,0.0,2.0,19.0,50.4,3,Semara,26.7394,-11.6703,2026-09-17
2026-09-17,27.7,16.6,0.0,0.0,17.1,36.7,3,Settat,33.0023,-7.6198,2026-09-17
2026-09-18,29.4,16.0,0.0,0.0,18.8,40.0,45,Settat,33.0023,-7.6198,2026-09-17
2026-09-19,33.4,17.2,0.0,0.0,16.6,35.3,2,Settat,33.0023,-7.6198,2026-09-17
2026-09-20,35.1,21.8,0.0,3.0,17.8,37.1,2,Settat,33.0023,-7.6198,2026-09-17
2026-09-21,37.1,21.4,0.0,0.0,16.0,35.6,2,Settat,33.0023,-7.6198,2026-09-17
2026-09-22,35.6,20.0,0.0,3.0,17.8,37.1,0,Settat,33.0023,-7.6198,2026-09-17
2026-09-23,35.5,18.7,0.0,3.0,18.2,37.1,3,Settat,33.0023,-7.6198,2026-09-17
2026-09-17,28.0,17.6,0.0,0.0,18.9,33.5,3,Sidi Bennour,32.655,-8.4292,2026-09-17
2026-09-18,29.7,16.7,0.0,0.0,21.6,37.8,45,Sidi Bennour,32.655,-8.4292,2026-09-17
2026-09-19,33.4,16.8,0.0,0.0,19.4,33.8,45,Sidi Bennour,32.655,-8.4292,2026-09-17
2026-09-20,33.9,20.4,0.0,0.0,16.3,28.4,2,Sidi Bennour,32.655,-8.4292,2026-09-17
2026-09-21,36.3,19.6,0.0,3.0,16.6,30.6,1,Sidi Bennour,32.655,-8.4292,2026-09-17
2026-09-22,35.6,17.8,0.0,0.0,17.3,33.8,45,Sidi Bennour,32.655,-8.4292,2026-09-17
2026-09-23,34.9,18.2,0.0,0.0,18.7,35.3,45,Sidi Bennour,32.655,-8.4292,2026-09-17
2026-09-17,28.8,17.8,0.0,0.0,21.3,34.9,3,Sidi Lmokhtar,31.57,-9.01,2026-09-17
2026-09-18,31.5,17.0,0.0,0.0,20.0,34.6,1,Sidi Lmokhtar,31.57,-9.01,2026-09-17
2026-09-19,33.5,19.3,0.0,0.0,15.0,26.3,2,Sidi Lmokhtar,31.57,-9.01,2026-09-17
2026-09-20,34.0,21.9,0.0,0.0,19.0,31.7,2,Sidi Lmokhtar,31.57,-9.01,2026-09-17
2026-09-21,36.2,22.3,0.0,0.0,19.5,33.1,1,Sidi Lmokhtar,31.57,-9.01,2026-09-17
2026-09-22,35.5,20.2,0.0,2.0,21.9,37.1,0,Sidi Lmokhtar,31.57,-9.01,2026-09-17
2026-09-23,34.0,17.8,0.0,0.0,18.1,31.3,2,Sidi Lmokhtar,31.57,-9.01,2026-09-17
2026-09-17,28.8,18.6,0.0,0.0,13.3,29.2,3,Sidi Qacem,34.21,-5.7,2026-09-17
2026-09-18,31.7,17.4,0.0,0.0,14.0,31.0,45,Sidi Qacem,34.21,-5.7,2026-09-17
2026-09-19,36.7,20.8,0.0,0.0,17.2,37.8,1,Sidi Qacem,34.21,-5.7,2026-09-17
2026-09-20,38.5,25.6,0.0,0.0,16.6,36.4,1,Sidi Qacem,34.21,-5.7,2026-09-17
2026-09-21,38.1,23.8,0.0,0.0,12.1,27.4,0,Sidi Qacem,34.21,-5.7,2026-09-17
2026-09-22,37.0,22.9,0.0,3.0,11.7,26.1,0,Sidi Qacem,34.21,-5.7,2026-09-17
2026-09-23,37.7,20.6,0.0,3.0,7.6,17.6,0,Sidi Qacem,34.21,-5.7,2026-09-17
2026-09-17,28.7,18.8,0.0,0.0,13.7,30.2,3,Sidi Slimane,34.26,-5.93,2026-09-17
2026-09-18,31.8,16.4,0.0,0.0,16.8,36.0,45,Sidi Slimane,34.26,-5.93,2026-09-17
2026-09-19,37.4,18.6,0.0,0.0,16.0,34.6,1,Sidi Slimane,34.26,-5.93,2026-09-17
2026-09-20,39.2,24.7,0.0,0.0,16.2,35.6,1,Sidi Slimane,34.26,-5.93,2026-09-17
2026-09-21,38.7,21.9,0.0,0.0,12.1,28.1,1,Sidi Slimane,34.26,-5.93,2026-09-17
2026-09-22,37.6,22.0,0.0,0.0,12.9,27.4,0,Sidi Slimane,34.26,-5.93,2026-09-17
2026-09-23,38.2,19.7,0.0,0.0,16.4,28.8,0,Sidi Slimane,34.26,-5.93,2026-09-17
2026-09-17,27.1,18.4,0.0,0.0,16.6,29.9,2,Sidi Smai’il,32.8167,-8.5,2026-09-17
2026-09-18,28.4,17.9,0.0,0.0,20.5,36.0,45,Sidi Smai’il,32.8167,-8.5,2026-09-17
2026-09-19,31.9,17.7,0.0,0.0,17.3,30.6,3,Sidi Smai’il,32.8167,-8.5,2026-09-17
2026-09-20,32.2,20.8,0.0,0.0,14.0,24.8,2,Sidi Smai’il,32.8167,-8.5,2026-09-17
2026-09-21,33.6,19.7,0.0,0.0,14.7,27.0,45,Sidi Smai’il,32.8167,-8.5,2026-09-17
2026-09-22,32.2,19.2,0.0,0.0,17.3,31.3,45,Sidi Smai’il,32.8167,-8.5,2026-09-17
2026-09-23,31.7,19.1,0.0,0.0,17.9,33.1,45,Sidi Smai’il,32.8167,-8.5,2026-09-17
2026-09-17,27.1,17.8,0.0,0.0,14.1,25.9,3,Sidi Yahia El Gharb,34.3058,-6.3058,2026-09-17
2026-09-18,29.0,15.8,0.0,0.0,17.6,32.8,45,Sidi Yahia El Gharb,34.3058,-6.3058,2026-09-17
2026-09-19,35.9,17.0,0.0,0.0,19.7,36.0,45,Sidi Yahia El Gharb,34.3058,-6.3058,2026-09-17
2026-09-20,38.7,24.2,0.0,0.0,19.1,33.8,1,Sidi Yahia El Gharb,34.3058,-6.3058,2026-09-17
2026-09-21,38.0,20.9,0.0,0.0,13.6,29.2,1,Sidi Yahia El Gharb,34.3058,-6.3058,2026-09-17
2026-09-22,37.5,20.0,0.0,0.0,13.2,27.4,0,Sidi Yahia El Gharb,34.3058,-6.3058,2026-09-17
2026-09-23,37.8,18.9,0.0,0.0,13.2,33.1,1,Sidi Yahia El Gharb,34.3058,-6.3058,2026-09-17
2026-09-17,26.2,15.9,0.0,0.0,15.9,32.8,3,Sidi Yahya Zaer,33.7105,-6.8831,2026-09-17
2026-09-18,27.6,15.8,0.0,0.0,18.4,38.2,3,Sidi Yahya Zaer,33.7105,-6.8831,2026-09-17
2026-09-19,31.7,16.9,0.0,0.0,16.5,33.5,2,Sidi Yahya Zaer,33.7105,-6.8831,2026-09-17
2026-09-20,33.9,20.6,0.0,0.0,18.4,37.1,2,Sidi Yahya Zaer,33.7105,-6.8831,2026-09-17
2026-09-21,34.9,21.0,0.0,0.0,17.9,38.5,2,Sidi Yahya Zaer,33.7105,-6.8831,2026-09-17
2026-09-22,33.7,20.6,0.0,0.0,16.6,34.2,0,Sidi Yahya Zaer,33.7105,-6.8831,2026-09-17
2026-09-23,33.6,17.4,0.0,0.0,16.2,33.8,3,Sidi Yahya Zaer,33.7105,-6.8831,2026-09-17
2026-09-17,24.5,18.7,0.0,0.0,12.3,28.8,3,Skhirate,33.85,-7.03,2026-09-17
2026-09-18,24.0,16.5,0.0,0.0,15.0,34.6,2,Skhirate,33.85,-7.03,2026-09-17
2026-09-19,26.7,16.5,0.0,0.0,13.3,29.5,3,Skhirate,33.85,-7.03,2026-09-17
2026-09-20,27.3,19.9,0.0,0.0,11.5,26.6,2,Skhirate,33.85,-7.03,2026-09-17
2026-09-21,28.2,20.6,0.0,0.0,12.4,28.4,2,Skhirate,33.85,-7.03,2026-09-17
2026-09-22,27.7,20.1,0.0,0.0,11.6,25.2,0,Skhirate,33.85,-7.03,2026-09-17
2026-09-23,27.3,19.3,0.0,0.0,10.5,22.7,3,Skhirate,33.85,-7.03,2026-09-17
2026-09-17,29.2,19.4,0.0,0.0,13.3,24.8,3,Souk et Tnine Jorf el Mellah,34.4945,-5.5047,2026-09-17
2026-09-18,32.4,15.9,0.0,0.0,12.7,23.8,45,Souk et Tnine Jorf el Mellah,34.4945,-5.5047,2026-09-17
2026-09-19,37.2,20.8,0.0,0.0,22.5,42.1,1,Souk et Tnine Jorf el Mellah,34.4945,-5.5047,2026-09-17
2026-09-20,38.1,25.2,0.0,0.0,21.3,40.0,1,Souk et Tnine Jorf el Mellah,34.4945,-5.5047,2026-09-17
2026-09-21,37.6,25.0,0.0,0.0,18.1,34.9,0,Souk et Tnine Jorf el Mellah,34.4945,-5.5047,2026-09-17
2026-09-22,37.1,24.0,0.0,0.0,16.8,32.9,1,Souk et Tnine Jorf el Mellah,34.4945,-5.5047,2026-09-17
2026-09-23,38.6,21.8,0.0,0.0,14.2,26.6,0,Souk et Tnine Jorf el Mellah,34.4945,-5.5047,2026-09-17
2026-09-17,32.5,17.6,0.0,0.0,13.5,25.2,2,Souq Sebt Oulad Nemma,32.3,-6.7,2026-09-17
2026-09-18,34.5,18.2,0.0,0.0,11.1,20.9,3,Souq Sebt Oulad Nemma,32.3,-6.7,2026-09-17
2026-09-19,38.6,21.0,0.0,1.0,14.3,32.8,3,Souq Sebt Oulad Nemma,32.3,-6.7,2026-09-17
2026-09-20,39.0,23.7,0.0,4.0,15.9,32.4,2,Souq Sebt Oulad Nemma,32.3,-6.7,2026-09-17
2026-09-21,38.3,23.5,0.3,8.0,12.2,32.4,2,Souq Sebt Oulad Nemma,32.3,-6.7,2026-09-17
2026-09-22,38.3,22.8,0.0,4.0,12.2,21.6,2,Souq Sebt Oulad Nemma,32.3,-6.7,2026-09-17
2026-09-23,38.8,19.9,0.0,3.0,8.9,17.6,0,Souq Sebt Oulad Nemma,32.3,-6.7,2026-09-17
2026-09-17,31.8,19.3,0.5,25.0,18.0,31.3,80,Tabount,30.9014,-6.9217,2026-09-17
2026-09-18,32.3,18.2,0.0,5.0,20.9,34.6,3,Tabount,30.9014,-6.9217,2026-09-17
2026-09-19,31.8,21.7,0.1,10.0,26.2,41.4,3,Tabount,30.9014,-6.9217,2026-09-17
2026-09-20,32.0,19.7,0.2,8.0,21.5,41.4,3,Tabount,30.9014,-6.9217,2026-09-17
2026-09-21,31.5,21.1,0.9,18.0,19.0,44.6,80,Tabount,30.9014,-6.9217,2026-09-17
2026-09-22,33.4,20.0,0.0,5.0,27.3,47.2,2,Tabount,30.9014,-6.9217,2026-09-17
2026-09-23,32.3,16.7,0.0,5.0,11.4,20.5,1,Tabount,30.9014,-6.9217,2026-09-17
2026-09-17,26.6,14.4,0.0,0.0,13.4,27.4,3,Tahannawt,31.3514,-7.9508,2026-09-17
2026-09-18,28.4,14.9,0.0,0.0,13.0,25.9,2,Tahannawt,31.3514,-7.9508,2026-09-17
2026-09-19,32.1,18.1,0.2,23.0,12.2,25.6,3,Tahannawt,31.3514,-7.9508,2026-09-17
2026-09-20,32.7,21.7,0.0,28.0,14.5,37.8,3,Tahannawt,31.3514,-7.9508,2026-09-17
2026-09-21,33.8,21.4,0.0,13.0,17.9,34.6,1,Tahannawt,31.3514,-7.9508,2026-09-17
2026-09-22,33.9,21.8,0.0,9.0,17.7,30.6,0,Tahannawt,31.3514,-7.9508,2026-09-17
2026-09-23,33.6,16.7,0.0,5.0,15.4,27.4,0,Tahannawt,31.3514,-7.9508,2026-09-17
2026-09-17,28.4,16.3,0.0,0.0,12.8,24.8,3,Tahla,34.05,-4.42,2026-09-17
2026-09-18,31.3,16.3,0.0,0.0,15.0,28.4,3,Tahla,34.05,-4.42,2026-09-17
2026-09-19,32.3,20.8,0.0,3.0,25.2,49.3,2,Tahla,34.05,-4.42,2026-09-17
2026-09-20,33.9,21.4,0.0,0.0,20.9,41.4,3,Tahla,34.05,-4.42,2026-09-17
2026-09-21,33.2,20.7,0.0,0.0,16.7,33.5,2,Tahla,34.05,-4.42,2026-09-17
2026-09-22,31.7,18.9,0.0,0.0,15.0,28.1,0,Tahla,34.05,-4.42,2026-09-17
2026-09-23,34.4,19.3,0.0,0.0,19.5,41.8,0,Tahla,34.05,-4.42,2026-09-17
2026-09-17,29.5,18.2,0.0,0.0,14.2,24.1,3,Tameslouht,31.5,-8.1,2026-09-17
2026-09-18,31.6,17.8,0.0,0.0,11.6,19.4,2,Tameslouht,31.5,-8.1,2026-09-17
2026-09-19,34.8,20.5,0.1,5.0,12.8,22.3,3,Tameslouht,31.5,-8.1,2026-09-17
2026-09-20,35.7,22.6,1.0,20.0,17.3,28.4,95,Tameslouht,31.5,-8.1,2026-09-17
2026-09-21,37.2,23.0,0.0,5.0,20.1,35.3,2,Tameslouht,31.5,-8.1,2026-09-17
2026-09-22,36.5,23.7,0.0,5.0,20.0,32.8,1,Tameslouht,31.5,-8.1,2026-09-17
2026-09-23,36.1,21.1,0.0,3.0,14.5,25.9,0,Tameslouht,31.5,-8.1,2026-09-17
2026-09-17,25.5,20.4,0.0,2.0,32.8,58.3,3,Tan-Tan,28.4333,-11.1,2026-09-17
2026-09-18,26.0,19.4,0.0,1.0,25.6,47.2,2,Tan-Tan,28.4333,-11.1,2026-09-17
2026-09-19,26.8,19.0,0.0,0.0,19.1,36.7,3,Tan-Tan,28.4333,-11.1,2026-09-17
2026-09-20,31.0,18.6,0.0,0.0,17.5,33.8,3,Tan-Tan,28.4333,-11.1,2026-09-17
2026-09-21,33.2,18.6,0.0,0.0,19.8,42.5,3,Tan-Tan,28.4333,-11.1,2026-09-17
2026-09-22,35.0,19.0,0.0,0.0,20.8,45.0,2,Tan-Tan,28.4333,-11.1,2026-09-17
2026-09-23,34.8,19.6,0.0,2.0,14.4,42.5,0,Tan-Tan,28.4333,-11.1,2026-09-17
2026-09-17,26.8,17.6,0.0,0.0,10.9,27.0,3,Tangier,35.7767,-5.8039,2026-09-17
2026-09-18,27.8,18.4,0.0,0.0,20.4,48.2,3,Tangier,35.7767,-5.8039,2026-09-17
2026-09-19,27.7,22.6,0.0,0.0,30.0,73.1,2,Tangier,35.7767,-5.8039,2026-09-17
2026-09-20,29.2,24.1,0.0,0.0,31.0,74.2,2,Tangier,35.7767,-5.8039,2026-09-17
2026-09-21,28.6,22.9,0.0,0.0,26.0,60.8,1,Tangier,35.7767,-5.8039,2026-09-17
2026-09-22,26.8,21.4,0.0,0.0,30.9,58.3,1,Tangier,35.7767,-5.8039,2026-09-17
2026-09-23,26.9,21.6,0.0,0.0,31.8,60.5,1,Tangier,35.7767,-5.8039,2026-09-17
2026-09-17,30.1,20.1,0.0,0.0,26.8,43.9,3,Taourirt,34.41,-2.89,2026-09-17
2026-09-18,29.6,18.7,0.0,0.0,30.9,52.6,45,Taourirt,34.41,-2.89,2026-09-17
2026-09-19,29.6,20.3,2.0,30.0,25.6,46.8,80,Taourirt,34.41,-2.89,2026-09-17
2026-09-20,31.2,21.2,0.0,3.0,29.9,50.0,3,Taourirt,34.41,-2.89,2026-09-17
2026-09-21,28.8,20.2,0.0,0.0,27.3,47.2,45,Taourirt,34.41,-2.89,2026-09-17
2026-09-22,29.2,18.0,0.0,0.0,19.3,35.6,45,Taourirt,34.41,-2.89,2026-09-17
2026-09-23,31.9,18.3,0.0,3.0,26.0,48.6,0,Taourirt,34.41,-2.89,2026-09-17
2026-09-17,30.2,18.8,0.0,0.0,22.2,43.6,45,Taroudannt,30.4711,-8.8778,2026-09-17
2026-09-18,30.3,18.3,0.0,0.0,21.1,42.5,2,Taroudannt,30.4711,-8.8778,2026-09-17
2026-09-19,31.3,18.9,0.0,0.0,22.1,43.9,3,Taroudannt,30.4711,-8.8778,2026-09-17
2026-09-20,34.5,19.7,0.0,0.0,22.5,43.9,2,Taroudannt,30.4711,-8.8778,2026-09-17
2026-09-21,40.1,22.4,0.0,0.0,26.9,54.7,1,Taroudannt,30.4711,-8.8778,2026-09-17
2026-09-22,39.6,22.5,0.0,3.0,34.2,61.6,0,Taroudannt,30.4711,-8.8778,2026-09-17
2026-09-23,40.7,17.6,0.0,3.0,23.7,43.2,1,Taroudannt,30.4711,-8.8778,2026-09-17
2026-09-17,29.4,16.9,0.0,0.0,15.0,32.4,3,Taza,34.2144,-4.0088,2026-09-17
2026-09-18,29.5,18.0,0.0,0.0,18.7,38.2,3,Taza,34.2144,-4.0088,2026-09-17
2026-09-19,29.0,19.5,0.0,3.0,24.2,50.0,3,Taza,34.2144,-4.0088,2026-09-17
2026-09-20,30.8,20.4,0.0,0.0,19.4,40.3,2,Taza,34.2144,-4.0088,2026-09-17
2026-09-21,29.7,20.7,0.0,0.0,19.3,40.0,3,Taza,34.2144,-4.0088,2026-09-17
2026-09-22,29.1,17.4,0.0,0.0,18.8,35.6,1,Taza,34.2144,-4.0088,2026-09-17
2026-09-23,32.3,17.7,0.0,3.0,21.6,41.4,0,Taza,34.2144,-4.0088,2026-09-17
2026-09-17,25.4,18.4,0.0,0.0,11.7,32.4,3,Temara,33.9234,-6.9076,2026-09-17
2026-09-18,25.4,16.2,0.0,0.0,13.6,36.4,45,Temara,33.9234,-6.9076,2026-09-17
2026-09-19,28.8,16.4,0.0,0.0,12.5,33.8,1,Temara,33.9234,-6.9076,2026-09-17
2026-09-20,30.2,20.1,0.0,0.0,11.3,31.3,2,Temara,33.9234,-6.9076,2026-09-17
2026-09-21,31.8,21.0,0.0,0.0,11.8,31.7,2,Temara,33.9234,-6.9076,2026-09-17
2026-09-22,28.2,20.4,0.0,0.0,11.6,25.2,0,Temara,33.9234,-6.9076,2026-09-17
2026-09-23,27.2,19.2,0.0,0.0,10.5,22.7,3,Temara,33.9234,-6.9076,2026-09-17
2026-09-17,27.6,20.7,0.0,0.0,20.0,43.2,3,Temsia,30.3633,-9.4144,2026-09-17
2026-09-18,26.8,19.5,0.0,0.0,19.6,42.5,3,Temsia,30.3633,-9.4144,2026-09-17
2026-09-19,27.0,20.2,0.0,0.0,22.2,46.8,3,Temsia,30.3633,-9.4144,2026-09-17
2026-09-20,28.2,19.8,0.0,0.0,20.2,43.9,45,Temsia,30.3633,-9.4144,2026-09-17
2026-09-21,34.6,20.3,0.0,0.0,13.7,32.8,1,Temsia,30.3633,-9.4144,2026-09-17
2026-09-22,38.7,21.5,0.0,0.0,29.2,50.8,0,Temsia,30.3633,-9.4144,2026-09-17
2026-09-23,37.5,20.3,0.0,0.0,23.9,40.0,1,Temsia,30.3633,-9.4144,2026-09-17
2026-09-17,30.9,17.8,0.0,0.0,35.7,55.4,2,Tifariti,26.158,-10.567,2026-09-17
2026-09-18,29.3,16.3,0.0,0.0,35.1,53.6,3,Tifariti,26.158,-10.567,2026-09-17
2026-09-19,30.8,16.2,0.0,0.0,23.9,36.7,3,Tifariti,26.158,-10.567,2026-09-17
2026-09-20,37.0,18.6,0.0,0.0,10.6,22.7,0,Tifariti,26.158,-10.567,2026-09-17
2026-09-21,38.7,24.9,0.0,2.0,18.7,34.6,1,Tifariti,26.158,-10.567,2026-09-17
2026-09-22,38.9,25.8,0.0,2.0,16.7,32.4,0,Tifariti,26.158,-10.567,2026-09-17
2026-09-23,39.1,26.0,0.0,6.0,26.3,46.4,3,Tifariti,26.158,-10.567,2026-09-17
2026-09-17,27.3,15.9,0.0,0.0,13.5,28.4,3,Tiflet,33.9,-6.33,2026-09-17
2026-09-18,29.3,16.0,0.0,0.0,17.0,34.9,3,Tiflet,33.9,-6.33,2026-09-17
2026-09-19,34.6,18.2,0.0,0.0,15.1,31.0,2,Tiflet,33.9,-6.33,2026-09-17
2026-09-20,37.1,22.2,0.0,0.0,18.7,37.8,2,Tiflet,33.9,-6.33,2026-09-17
2026-09-21,36.8,22.2,0.0,0.0,15.6,35.6,1,Tiflet,33.9,-6.33,2026-09-17
2026-09-22,35.7,20.9,0.0,0.0,14.9,32.0,0,Tiflet,33.9,-6.33,2026-09-17
2026-09-23,36.1,18.5,0.0,0.0,15.3,31.7,0,Tiflet,33.9,-6.33,2026-09-17
2026-09-17,29.8,19.1,0.2,25.0,19.2,35.6,3,Tineghir,31.5147,-5.5328,2026-09-17
2026-09-18,30.3,19.0,0.1,35.0,21.7,41.4,3,Tineghir,31.5147,-5.5328,2026-09-17
2026-09-19,28.8,19.7,1.3,35.0,31.1,49.3,61,Tineghir,31.5147,-5.5328,2026-09-17
2026-09-20,28.1,18.2,1.2,20.0,11.8,20.2,61,Tineghir,31.5147,-5.5328,2026-09-17
2026-09-21,29.2,19.3,0.6,43.0,19.1,30.6,3,Tineghir,31.5147,-5.5328,2026-09-17
2026-09-22,32.3,19.2,0.0,19.0,19.6,29.5,2,Tineghir,31.5147,-5.5328,2026-09-17
2026-09-23,30.0,18.3,0.0,23.0,17.4,29.5,1,Tineghir,31.5147,-5.5328,2026-09-17
2026-09-17,25.9,18.6,0.0,0.0,13.3,35.3,3,Tit Mellil,33.5533,-7.4822,2026-09-17
2026-09-18,25.3,18.0,0.0,0.0,14.2,37.8,3,Tit Mellil,33.5533,-7.4822,2026-09-17
2026-09-19,27.3,17.4,0.0,0.0,13.1,34.9,45,Tit Mellil,33.5533,-7.4822,2026-09-17
2026-09-20,30.4,20.6,0.0,0.0,12.8,34.2,45,Tit Mellil,33.5533,-7.4822,2026-09-17
2026-09-21,30.1,20.7,0.0,0.0,12.8,34.2,45,Tit Mellil,33.5533,-7.4822,2026-09-17
2026-09-22,29.9,20.5,0.0,0.0,11.9,31.3,1,Tit Mellil,33.5533,-7.4822,2026-09-17
2026-09-23,29.7,18.9,0.0,0.0,12.3,32.0,3,Tit Mellil,33.5533,-7.4822,2026-09-17
2026-09-17,23.1,19.9,0.0,0.0,22.0,37.4,3,Tiznit,29.7,-9.7269,2026-09-17
2026-09-18,25.2,18.8,0.0,0.0,21.3,37.1,2,Tiznit,29.7,-9.7269,2026-09-17
2026-09-19,26.7,19.4,0.0,0.0,16.5,28.1,2,Tiznit,29.7,-9.7269,2026-09-17
2026-09-20,28.0,20.0,0.0,0.0,13.1,22.3,45,Tiznit,29.7,-9.7269,2026-09-17
2026-09-21,33.2,21.4,0.0,0.0,16.4,27.4,1,Tiznit,29.7,-9.7269,2026-09-17
2026-09-22,31.7,22.9,0.0,0.0,14.8,24.1,0,Tiznit,29.7,-9.7269,2026-09-17
2026-09-23,30.2,19.0,0.0,0.0,13.0,21.6,3,Tiznit,29.7,-9.7269,2026-09-17
2026-09-17,28.0,14.6,0.0,0.0,10.4,25.2,3,Tétouan,35.5667,-5.3667,2026-09-17
2026-09-18,26.3,18.3,0.0,0.0,19.8,50.4,3,Tétouan,35.5667,-5.3667,2026-09-17
2026-09-19,26.3,22.4,0.0,0.0,32.0,77.0,2,Tétouan,35.5667,-5.3667,2026-09-17
2026-09-20,26.8,23.2,0.1,3.0,25.7,67.7,2,Tétouan,35.5667,-5.3667,2026-09-17
2026-09-21,27.0,22.9,0.0,0.0,22.0,52.6,3,Tétouan,35.5667,-5.3667,2026-09-17
2026-09-22,26.7,21.6,0.0,0.0,24.7,53.3,2,Tétouan,35.5667,-5.3667,2026-09-17
2026-09-23,26.6,21.2,0.0,0.0,23.0,60.1,2,Tétouan,35.5667,-5.3667,2026-09-17
2026-09-17,31.6,18.0,0.4,25.0,18.3,29.5,80,Warzat,30.9167,-6.9167,2026-09-17
2026-09-18,32.0,17.6,0.0,5.0,24.2,45.7,3,Warzat,30.9167,-6.9167,2026-09-17
2026-09-19,31.5,21.3,0.0,10.0,27.8,48.6,3,Warzat,30.9167,-6.9167,2026-09-17
2026-09-20,31.7,19.6,0.1,8.0,25.1,48.6,3,Warzat,30.9167,-6.9167,2026-09-17
2026-09-21,31.3,20.5,1.2,18.0,17.4,42.5,80,Warzat,30.9167,-6.9167,2026-09-17
2026-09-22,33.5,19.0,0.0,5.0,27.3,47.2,2,Warzat,30.9167,-6.9167,2026-09-17
2026-09-23,32.4,16.8,0.0,5.0,11.4,20.5,1,Warzat,30.9167,-6.9167,2026-09-17
2026-09-17,28.2,17.2,0.0,0.0,17.0,36.4,2,Youssoufia,32.25,-8.53,2026-09-17
2026-09-18,30.4,16.5,0.0,0.0,18.0,37.8,1,Youssoufia,32.25,-8.53,2026-09-17
2026-09-19,33.5,16.9,0.0,0.0,15.9,33.8,2,Youssoufia,32.25,-8.53,2026-09-17
2026-09-20,34.5,21.2,0.0,0.0,17.1,36.4,3,Youssoufia,32.25,-8.53,2026-09-17
2026-09-21,37.3,21.4,0.0,3.0,15.4,37.4,1,Youssoufia,32.25,-8.53,2026-09-17
2026-09-22,36.7,20.5,0.0,3.0,19.1,40.7,0,Youssoufia,32.25,-8.53,2026-09-17
2026-09-23,35.9,19.0,0.0,3.0,17.9,35.3,45,Youssoufia,32.25,-8.53,2026-09-17
2026-09-17,35.6,25.7,0.0,15.0,14.6,23.8,3,Zagora,30.3316,-5.8376,2026-09-17
2026-09-18,35.3,24.8,0.0,8.0,16.6,26.3,3,Zagora,30.3316,-5.8376,2026-09-17
2026-09-19,35.4,26.1,0.0,3.0,27.1,43.2,3,Zagora,30.3316,-5.8376,2026-09-17
2026-09-20,34.6,24.3,0.0,0.0,27.9,45.4,3,Zagora,30.3316,-5.8376,2026-09-17
2026-09-21,34.9,25.0,0.6,13.0,17.2,26.3,3,Zagora,30.3316,-5.8376,2026-09-17
2026-09-22,35.2,25.9,0.0,3.0,14.8,23.0,2,Zagora,30.3316,-5.8376,2026-09-17
2026-09-23,33.7,25.1,0.0,5.0,12.4,19.8,2,Zagora,30.3316,-5.8376,2026-09-17
2026-09-17,30.6,15.0,0.0,0.0,12.7,24.1,3,Zawyat ech Cheïkh,32.6541,-5.9214,2026-09-17
2026-09-18,32.6,15.8,0.0,0.0,12.5,24.8,3,Zawyat ech Cheïkh,32.6541,-5.9214,2026-09-17
2026-09-19,35.8,20.1,0.0,3.0,20.5,35.6,3,Zawyat ech Cheïkh,32.6541,-5.9214,2026-09-17
2026-09-20,36.5,20.9,0.0,0.0,18.4,38.2,3,Zawyat ech Cheïkh,32.6541,-5.9214,2026-09-17
2026-09-21,35.5,18.6,0.0,5.0,14.5,27.4,2,Zawyat ech Cheïkh,32.6541,-5.9214,2026-09-17
2026-09-22,34.9,18.3,0.0,3.0,12.5,23.4,2,Zawyat ech Cheïkh,32.6541,-5.9214,2026-09-17
2026-09-23,35.9,18.6,0.0,3.0,11.1,20.9,0,Zawyat ech Cheïkh,32.6541,-5.9214,2026-09-17
2026-09-17,27.8,19.3,0.0,0.0,14.1,28.4,3,Zaïo,34.9396,-2.7334,2026-09-17
2026-09-18,27.8,19.7,0.0,0.0,20.2,47.9,45,Zaïo,34.9396,-2.7334,2026-09-17
2026-09-19,28.2,21.0,0.0,1.0,25.0,48.2,3,Zaïo,34.9396,-2.7334,2026-09-17
2026-09-20,29.4,21.7,0.0,3.0,16.6,39.6,45,Zaïo,34.9396,-2.7334,2026-09-17
2026-09-21,27.7,20.9,0.0,0.0,20.9,44.3,45,Zaïo,34.9396,-2.7334,2026-09-17
2026-09-22,28.2,18.0,0.0,3.0,17.8,32.8,45,Zaïo,34.9396,-2.7334,2026-09-17
2026-09-23,28.9,17.6,0.0,0.0,17.1,34.9,45,Zaïo,34.9396,-2.7334,2026-09-17
2026-09-17,27.8,19.4,0.0,3.0,13.5,28.1,3,Zeghanghane,35.1575,-3.0017,2026-09-17
2026-09-18,26.5,19.6,0.0,0.0,20.8,40.3,3,Zeghanghane,35.1575,-3.0017,2026-09-17
2026-09-19,26.0,22.0,0.9,5.0,28.7,53.3,3,Zeghanghane,35.1575,-3.0017,2026-09-17
2026-09-20,26.8,23.0,0.5,13.0,27.1,50.8,80,Zeghanghane,35.1575,-3.0017,2026-09-17
2026-09-21,26.6,21.6,0.0,5.0,20.9,45.0,3,Zeghanghane,35.1575,-3.0017,2026-09-17
2026-09-22,27.1,19.1,0.0,0.0,16.9,30.2,2,Zeghanghane,35.1575,-3.0017,2026-09-17
2026-09-23,27.1,17.6,0.0,3.0,19.3,36.0,45,Zeghanghane,35.1575,-3.0017,2026-09-17
